date,TSLA,earnings flag
2010-06-29,,0
2010-06-30,-0.012000083923339844,0
2010-07-01,-0.37399959564208984,0
2010-07-02,-0.5520002841949463,0
2010-07-06,-0.6180000305175781,0
2010-07-07,-0.06199979782104492,0
2010-07-08,0.3320000171661377,1
2010-07-09,-0.012000083923339844,0
2010-07-12,-0.06999993324279785,0
2010-07-13,0.21799993515014648,1
2010-07-14,0.3399999141693115,1
2010-07-15,0.009999990463256836,1
2010-07-16,0.14999985694885254,1
2010-07-19,0.254000186920166,1
2010-07-20,-0.32200002670288086,0
2010-07-21,-0.015999794006347656,0
2010-07-22,0.15599966049194336,1
2010-07-23,0.05800008773803711,1
2010-07-26,-0.06799983978271484,0
2010-07-27,-0.07999992370605469,0
2010-07-28,0.03399991989135742,1
2010-07-29,-0.07399988174438477,0
2010-07-30,-0.0820002555847168,0
2010-08-02,0.1960000991821289,1
2010-08-03,0.20599985122680664,1
2010-08-04,-0.1380000114440918,0
2010-08-05,-0.16199970245361328,0
2010-08-06,-0.17200016975402832,0
2010-08-09,0.002000093460083008,1
2010-08-10,-0.11400008201599121,0
2010-08-11,-0.22600007057189941,0
2010-08-12,-0.059999942779541016,0
2010-08-13,0.14400005340576172,1
2010-08-16,0.09200000762939453,1
2010-08-17,0.07399988174438477,1
2010-08-18,-0.07599997520446777,0
2010-08-19,0.003999948501586914,1
2010-08-20,0.06200003623962402,1
2010-08-23,0.20600008964538574,1
2010-08-24,-0.18600010871887207,0
2010-08-25,0.1400001049041748,1
2010-08-26,-0.029999971389770508,0
2010-08-27,-0.009999990463256836,0
2010-08-30,0.03399991989135742,1
2010-08-31,-0.07800006866455078,0
2010-09-01,0.194000244140625,1
2010-09-02,0.12199974060058594,1
2010-09-03,-0.0019998550415039062,0
2010-09-07,-0.10200023651123047,0
2010-09-08,0.07200002670288086,1
2010-09-09,-0.037999629974365234,0
2010-09-10,-0.10800027847290039,0
2010-09-13,0.1100001335144043,1
2010-09-14,0.07999992370605469,1
2010-09-15,0.17199993133544922,1
2010-09-16,-0.20799970626831055,0
2010-09-17,-0.1420001983642578,0
2010-09-20,0.1659998893737793,1
2010-09-21,-0.05800008773803711,0
2010-09-22,-0.17999982833862305,0
2010-09-23,-0.06200003623962402,0
2010-09-24,0.10800004005432129,1
2010-09-27,0.08599996566772461,1
2010-09-28,0.17400026321411133,1
2010-09-29,0.11599969863891602,1
2010-09-30,-0.31400012969970703,0
2010-10-01,0.03800010681152344,1
2010-10-04,0.07800006866455078,1
2010-10-05,0.026000022888183594,1
2010-10-06,-0.13199996948242188,0
2010-10-07,-0.006000041961669922,0
2010-10-08,0.0,0
2010-10-11,-0.03800010681152344,0
2010-10-12,0.0,0
2010-10-13,0.059999942779541016,1
2010-10-14,0.04200029373168945,1
2010-10-15,-0.04200029373168945,0
2010-10-18,-0.06199979782104492,0
2010-10-19,-0.03599977493286133,0
2010-10-20,0.11999988555908203,1
2010-10-21,0.019999980926513672,1
2010-10-22,-0.006000041961669922,0
2010-10-25,0.026000022888183594,1
2010-10-26,0.10199975967407227,1
2010-10-27,-0.07200002670288086,0
2010-10-28,0.03800010681152344,1
2010-10-29,0.13000011444091797,1
2010-11-01,-0.08599996566772461,0
2010-11-02,-0.032000064849853516,0
2010-11-03,0.10400009155273438,1
2010-11-04,0.625999927520752,1
2010-11-05,-0.09200000762939453,0
2010-11-08,0.10799980163574219,1
2010-11-09,-0.06999969482421875,0
2010-11-10,0.9460000991821289,1
2010-11-11,-0.26400041580200195,0
2010-11-12,0.3600001335144043,1
2010-11-15,0.1919999122619629,1
2010-11-16,-0.2259998321533203,0
2010-11-17,-0.03600025177001953,0
2010-11-18,0.08000040054321289,1
2010-11-19,0.2199997901916504,1
2010-11-22,0.48199987411499023,1
2010-11-23,0.23400020599365234,1
2010-11-24,0.17999982833862305,1
2010-11-26,-0.029999732971191406,0
2010-11-29,-0.1979999542236328,0
2010-11-30,0.19999980926513672,1
2010-12-01,-0.1960000991821289,0
2010-12-02,-0.40000009536743164,0
2010-12-03,-0.17199993133544922,0
2010-12-06,-0.23600006103515625,0
2010-12-07,0.25,1
2010-12-08,0.16200017929077148,1
2010-12-09,-0.06400012969970703,0
2010-12-10,-0.10599994659423828,0
2010-12-13,-0.1939997673034668,0
2010-12-14,-0.40400028228759766,0
2010-12-15,0.21400022506713867,1
2010-12-16,0.24200010299682617,1
2010-12-17,0.1099996566772461,1
2010-12-20,0.06800031661987305,1
2010-12-21,0.1119999885559082,1
2010-12-22,0.07399988174438477,1
2010-12-23,-0.5079998970031738,0
2010-12-27,-0.9079999923706055,0
2010-12-28,0.17199993133544922,1
2010-12-29,0.26399993896484375,1
2010-12-30,-0.24599981307983398,0
2010-12-31,0.026000022888183594,1
2011-01-03,-0.0020003318786621094,0
2011-01-04,0.010000228881835938,1
2011-01-05,0.032000064849853516,1
2011-01-06,0.21000003814697266,1
2011-01-07,0.07199954986572266,1
2011-01-10,0.04200029373168945,1
2011-01-11,-0.29799985885620117,0
2011-01-12,0.0,0
2011-01-13,-0.14800024032592773,0
2011-01-14,-0.09399986267089844,0
2011-01-18,-0.02200031280517578,0
2011-01-19,-0.32199954986572266,0
2011-01-20,-0.2820000648498535,0
2011-01-21,0.0839996337890625,1
2011-01-24,0.28999996185302734,1
2011-01-25,0.03800010681152344,1
2011-01-26,0.01399993896484375,1
2011-01-27,0.034000396728515625,1
2011-01-28,-0.18200016021728516,0
2011-01-31,0.018000125885009766,1
2011-02-01,-0.03800010681152344,0
2011-02-02,0.006000041961669922,1
2011-02-03,-0.062000274658203125,0
2011-02-04,-0.03399991989135742,0
2011-02-07,-0.07800006866455078,0
2011-02-08,0.2839999198913574,1
2011-02-09,-0.2559995651245117,0
2011-02-10,0.0019998550415039062,1
2011-02-11,0.006000041961669922,1
2011-02-14,-0.03399991989135742,0
2011-02-15,-0.048000335693359375,0
2011-02-16,0.37800025939941406,1
2011-02-17,-0.22600030899047852,0
2011-02-18,-0.0839996337890625,0
2011-02-22,-0.26200008392333984,0
2011-02-23,-0.007999897003173828,0
2011-02-24,0.1399998664855957,1
2011-02-25,0.21600008010864258,1
2011-02-28,0.055999755859375,1
2011-03-01,0.010000228881835938,1
2011-03-02,0.015999794006347656,1
2011-03-03,0.06800031661987305,1
2011-03-04,0.11799955368041992,1
2011-03-07,-0.0019998550415039062,0
2011-03-08,-0.055999755859375,0
2011-03-09,0.01199960708618164,1
2011-03-10,-0.1419997215270996,0
2011-03-11,0.012000083923339844,1
2011-03-14,-0.1640000343322754,0
2011-03-15,-0.059999942779541016,0
2011-03-16,-0.026000022888183594,0
2011-03-17,-0.0020003318786621094,0
2011-03-18,0.03000020980834961,1
2011-03-21,-0.046000003814697266,0
2011-03-22,-0.10799980163574219,0
2011-03-23,0.0039997100830078125,1
2011-03-24,0.024000167846679688,1
2011-03-25,0.0840001106262207,1
2011-03-28,0.09999990463256836,1
2011-03-29,0.13399982452392578,1
2011-03-30,-0.04199981689453125,0
2011-03-31,0.8080000877380371,1
2011-04-01,-0.2180004119873047,0
2011-04-04,-0.1659998893737793,0
2011-04-05,0.17400026321411133,1
2011-04-06,-0.04200029373168945,0
2011-04-07,0.15000009536743164,1
2011-04-08,-0.15000009536743164,0
2011-04-11,-0.24399995803833008,0
2011-04-12,-0.12400007247924805,0
2011-04-13,0.0560002326965332,1
2011-04-14,0.04199981689453125,1
2011-04-15,0.08800029754638672,1
2011-04-18,-0.1100001335144043,0
2011-04-19,0.026000022888183594,1
2011-04-20,0.11800003051757812,1
2011-04-21,0.1979999542236328,1
2011-04-25,-0.07000017166137695,0
2011-04-26,0.10800027847290039,1
2011-04-27,0.029999732971191406,1
2011-04-28,0.11600017547607422,1
2011-04-29,-0.012000083923339844,0
2011-05-02,-0.03000020980834961,0
2011-05-03,-0.11599969863891602,0
2011-05-04,-0.03600025177001953,0
2011-05-05,-0.04999971389770508,0
2011-05-06,0.1359996795654297,1
2011-05-09,0.15799999237060547,1
2011-05-10,0.0840001106262207,1
2011-05-11,-0.2519998550415039,0
2011-05-12,0.11999988555908203,1
2011-05-13,-0.023999691009521484,0
2011-05-16,-0.19000005722045898,0
2011-05-17,-0.12800025939941406,0
2011-05-18,0.07800006866455078,1
2011-05-19,0.36999988555908203,1
2011-05-20,-0.046000003814697266,0
2011-05-23,-0.23000001907348633,0
2011-05-24,-0.019999980926513672,0
2011-05-25,0.45200014114379883,1
2011-05-26,0.09999990463256836,1
2011-05-27,0.01399993896484375,1
2011-05-31,0.11800003051757812,1
2011-06-01,-0.32399988174438477,0
2011-06-02,0.04799985885620117,1
2011-06-03,0.2740001678466797,1
2011-06-06,-0.28600025177001953,0
2011-06-07,-0.06599998474121094,0
2011-06-08,-0.25,0
2011-06-09,0.10000038146972656,1
2011-06-10,0.04799985885620117,1
2011-06-13,0.11399984359741211,1
2011-06-14,0.03399991989135742,1
2011-06-15,-0.2559995651245117,0
2011-06-16,-0.1640000343322754,0
2011-06-17,0.0,0
2011-06-20,-0.09800004959106445,0
2011-06-21,0.3039999008178711,1
2011-06-22,-0.06400012969970703,0
2011-06-23,0.09999990463256836,1
2011-06-24,-0.0279998779296875,0
2011-06-27,-0.021999835968017578,0
2011-06-28,0.13000011444091797,1
2011-06-29,0.03599977493286133,1
2011-06-30,0.1680002212524414,1
2011-07-01,-0.02200031280517578,0
2011-07-05,0.024000167846679688,1
2011-07-06,-0.03600025177001953,0
2011-07-07,0.15400028228759766,1
2011-07-08,-0.18400001525878906,0
2011-07-11,-0.09200000762939453,0
2011-07-12,-0.03600025177001953,0
2011-07-13,0.09400033950805664,1
2011-07-14,-0.20600032806396484,0
2011-07-15,-0.006000041961669922,0
2011-07-18,-0.06999969482421875,0
2011-07-19,0.13199996948242188,1
2011-07-20,0.15999984741210938,1
2011-07-21,0.0019998550415039062,1
2011-07-22,0.11800003051757812,1
2011-07-25,-0.15999984741210938,0
2011-07-26,-0.09800004959106445,0
2011-07-27,-0.07200002670288086,0
2011-07-28,0.10599994659423828,1
2011-07-29,0.0,0
2011-08-01,0.12000036239624023,1
2011-08-02,-0.28600025177001953,0
2011-08-03,-0.0279998779296875,0
2011-08-04,-0.49000024795532227,0
2011-08-05,-0.10199975967407227,0
2011-08-08,-0.11999988555908203,0
2011-08-09,0.2839999198913574,1
2011-08-10,-0.2480001449584961,0
2011-08-11,0.29600000381469727,1
2011-08-12,0.20200014114379883,1
2011-08-15,-0.01600027084350586,0
2011-08-16,-0.026000022888183594,0
2011-08-17,-0.053999900817871094,0
2011-08-18,-0.31399965286254883,0
2011-08-19,-0.3920001983642578,0
2011-08-22,-0.07000017166137695,0
2011-08-23,0.20200014114379883,1
2011-08-24,0.18200016021728516,1
2011-08-25,-0.15199995040893555,0
2011-08-26,0.12399959564208984,1
2011-08-29,0.1960000991821289,1
2011-08-30,-0.015999794006347656,0
2011-08-31,0.021999835968017578,1
2011-09-01,-0.14799976348876953,0
2011-09-02,-0.18600034713745117,0
2011-09-06,-0.026000022888183594,0
2011-09-07,0.18000030517578125,1
2011-09-08,-0.046000003814697266,0
2011-09-09,-0.12800025939941406,0
2011-09-12,-0.017999649047851562,0
2011-09-13,0.23999977111816406,1
2011-09-14,0.05200004577636719,1
2011-09-15,0.09600019454956055,1
2011-09-16,0.1959996223449707,1
2011-09-19,-0.006000041961669922,0
2011-09-20,0.048000335693359375,1
2011-09-21,-0.032000064849853516,0
2011-09-22,-0.04400014877319336,0
2011-09-23,0.15000009536743164,1
2011-09-26,-0.17199993133544922,0
2011-09-27,0.13399982452392578,1
2011-09-28,-0.31999969482421875,0
2011-09-29,-0.09400033950805664,0
2011-09-30,0.053999900817871094,1
2011-10-03,-0.13199996948242188,0
2011-10-04,-0.01399993896484375,0
2011-10-05,0.34200000762939453,1
2011-10-06,0.31800031661987305,1
2011-10-07,0.005999565124511719,1
2011-10-10,0.17800045013427734,1
2011-10-11,-0.0540003776550293,0
2011-10-12,0.03800010681152344,1
2011-10-13,0.0279998779296875,1
2011-10-14,0.02200031280517578,1
2011-10-17,-0.12599992752075195,0
2011-10-18,0.18400001525878906,1
2011-10-19,-0.15400028228759766,0
2011-10-20,-0.046000003814697266,0
2011-10-21,0.1380000114440918,1
2011-10-24,0.10400009155273438,1
2011-10-25,-0.059999942779541016,0
2011-10-26,-0.053999900817871094,0
2011-10-27,0.15599966049194336,1
2011-10-28,0.2220001220703125,1
2011-10-31,-0.09999990463256836,0
2011-11-01,-0.09800004959106445,0
2011-11-02,-0.03399991989135742,0
2011-11-03,0.75,1
2011-11-04,-0.03000020980834961,0
2011-11-07,-0.20799970626831055,0
2011-11-08,0.11399984359741211,1
2011-11-09,-0.1919999122619629,0
2011-11-10,0.08999967575073242,1
2011-11-11,0.46200037002563477,1
2011-11-14,-0.0840001106262207,0
2011-11-15,0.1419997215270996,1
2011-11-16,0.20200014114379883,1
2011-11-17,-0.2519998550415039,0
2011-11-18,-0.21600008010864258,0
2011-11-21,-0.1679997444152832,0
2011-11-22,0.06199979782104492,1
2011-11-23,-0.12400007247924805,0
2011-11-25,0.04199981689453125,1
2011-11-28,0.18000030517578125,1
2011-11-29,-0.16200017929077148,0
2011-11-30,0.1979999542236328,1
2011-12-01,-0.0279998779296875,0
2011-12-02,0.1399998664855957,1
2011-12-05,0.2239999771118164,1
2011-12-06,0.09000015258789062,1
2011-12-07,-0.1360001564025879,0
2011-12-08,-0.6599998474121094,0
2011-12-09,0.03000020980834961,1
2011-12-12,-0.12600040435791016,0
2011-12-13,-0.1919999122619629,0
2011-12-14,-0.18400001525878906,0
2011-12-15,0.018000125885009766,1
2011-12-16,-0.12400007247924805,0
2011-12-19,-0.04999971389770508,0
2011-12-20,0.029999732971191406,1
2011-12-21,-0.06599998474121094,0
2011-12-22,0.039999961853027344,1
2011-12-23,0.026000022888183594,1
2011-12-27,0.13400030136108398,1
2011-12-28,-0.012000083923339844,0
2011-12-29,0.043999671936035156,1
2011-12-30,-0.03399991989135742,0
2012-01-03,-0.09599971771240234,0
2012-01-04,-0.07400035858154297,0
2012-01-05,-0.11800003051757812,0
2012-01-06,-0.04199981689453125,0
2012-01-09,0.06799983978271484,1
2012-01-10,0.07400035858154297,1
2012-01-11,0.12199974060058594,1
2012-01-12,0.004000186920166016,1
2012-01-13,-1.0920000076293945,0
2012-01-17,0.7620000839233398,1
2012-01-18,0.04199981689453125,1
2012-01-19,-0.009999752044677734,0
2012-01-20,-0.032000064849853516,0
2012-01-23,0.03399991989135742,1
2012-01-24,0.13000011444091797,1
2012-01-25,0.1099996566772461,1
2012-01-26,0.194000244140625,1
2012-01-27,0.07800006866455078,1
2012-01-30,0.04799985885620117,1
2012-01-31,-0.09999990463256836,0
2012-02-01,0.10199975967407227,1
2012-02-02,0.13400030136108398,1
2012-02-03,0.17999982833862305,1
2012-02-06,0.13000011444091797,1
2012-02-07,-0.039999961853027344,0
2012-02-08,0.06599998474121094,1
2012-02-09,0.12999963760375977,1
2012-02-10,-0.29600000381469727,0
2012-02-13,0.07800006866455078,1
2012-02-14,0.3359999656677246,1
2012-02-15,0.08599996566772461,1
2012-02-16,0.11600017547607422,1
2012-02-17,0.15799999237060547,1
2012-02-21,-0.09399986267089844,0
2012-02-22,-0.0560002326965332,0
2012-02-23,0.062000274658203125,1
2012-02-24,-0.15600013732910156,0
2012-02-27,-0.026000022888183594,0
2012-02-28,0.03800010681152344,1
2012-02-29,-0.07999992370605469,0
2012-03-01,0.19999980926513672,1
2012-03-02,-0.07399988174438477,0
2012-03-05,-0.053999900817871094,0
2012-03-06,-0.13199996948242188,0
2012-03-07,0.0019998550415039062,1
2012-03-08,-0.010000228881835938,0
2012-03-09,0.3340001106262207,1
2012-03-12,0.254000186920166,1
2012-03-13,0.015999794006347656,1
2012-03-14,-0.15999984741210938,0
2012-03-15,-0.05800008773803711,0
2012-03-16,0.06400012969970703,1
2012-03-19,-0.06800031661987305,0
2012-03-20,-0.0039997100830078125,0
2012-03-21,0.03800010681152344,1
2012-03-22,-0.15000009536743164,0
2012-03-23,-0.06400012969970703,0
2012-03-26,0.6640000343322754,1
2012-03-27,0.10799980163574219,1
2012-03-28,-0.017999649047851562,0
2012-03-29,-0.10400009155273438,0
2012-03-30,-0.018000125885009766,0
2012-04-02,-0.13199996948242188,0
2012-04-03,0.28600025177001953,1
2012-04-04,-0.6020002365112305,0
2012-04-05,-0.10400009155273438,0
2012-04-09,-0.26599979400634766,0
2012-04-10,-0.1380000114440918,0
2012-04-11,0.12599992752075195,1
2012-04-12,0.07000017166137695,1
2012-04-13,0.029999732971191406,1
2012-04-16,-0.26800012588500977,0
2012-04-17,-0.0019998550415039062,0
2012-04-18,0.0840001106262207,1
2012-04-19,0.09999990463256836,1
2012-04-20,0.0,0
2012-04-23,-0.24399995803833008,0
2012-04-24,-0.024000167846679688,0
2012-04-25,0.21799993515014648,1
2012-04-26,0.11600017547607422,1
2012-04-27,-0.029999732971191406,0
2012-04-30,-0.04200029373168945,0
2012-05-01,0.13000011444091797,1
2012-05-02,0.032000064849853516,1
2012-05-03,-0.29600000381469727,0
2012-05-04,-0.12599992752075195,0
2012-05-07,0.12799978256225586,1
2012-05-08,-0.45599985122680664,0
2012-05-09,-0.026000022888183594,0
2012-05-10,0.5799999237060547,1
2012-05-11,-0.1420001983642578,0
2012-05-14,-0.4379997253417969,0
2012-05-15,-0.12599992752075195,0
2012-05-16,-0.05000019073486328,0
2012-05-17,-0.12199974060058594,0
2012-05-18,-0.20200014114379883,0
2012-05-21,0.24200010299682617,1
2012-05-22,0.40599966049194336,1
2012-05-23,0.04400014877319336,1
2012-05-24,-0.14799976348876953,0
2012-05-25,-0.09400033950805664,0
2012-05-29,0.37599992752075195,1
2012-05-30,-0.2560000419616699,0
2012-05-31,-0.18199968338012695,0
2012-06-01,-0.26999998092651367,0
2012-06-04,-0.053999900817871094,0
2012-06-05,0.005999565124511719,1
2012-06-06,0.26200008392333984,1
2012-06-07,-0.05800008773803711,0
2012-06-08,0.23000001907348633,1
2012-06-11,-0.1919999122619629,0
2012-06-12,0.10800027847290039,1
2012-06-13,0.021999835968017578,1
2012-06-14,-0.07600021362304688,0
2012-06-15,0.10400009155273438,1
2012-06-18,0.3860001564025879,1
2012-06-19,0.05000019073486328,1
2012-06-20,0.3379998207092285,1
2012-06-21,-0.31799983978271484,0
2012-06-22,0.31999969482421875,1
2012-06-25,-0.1359996795654297,0
2012-06-26,-0.3000001907348633,0
2012-06-27,0.07000017166137695,1
2012-06-28,-0.1100001335144043,0
2012-06-29,-0.024000167846679688,0
2012-07-02,-0.17799997329711914,0
2012-07-03,0.05200004577636719,1
2012-07-05,0.11399984359741211,1
2012-07-06,-0.04799985885620117,0
2012-07-09,0.09999990463256836,1
2012-07-10,-0.043999671936035156,0
2012-07-11,0.04799985885620117,1
2012-07-12,0.23799991607666016,1
2012-07-13,0.309999942779541,1
2012-07-16,0.34200000762939453,1
2012-07-17,-0.5219998359680176,0
2012-07-18,-0.24000024795532227,0
2012-07-19,0.024000167846679688,1
2012-07-20,-0.09600019454956055,0
2012-07-23,-0.2259998321533203,0
2012-07-24,-0.1640000343322754,0
2012-07-25,-0.17799997329711914,0
2012-07-26,-0.1640000343322754,0
2012-07-27,0.2760000228881836,1
2012-07-30,-0.43200016021728516,0
2012-07-31,0.014000415802001953,1
2012-08-01,-0.23400020599365234,0
2012-08-02,-0.03000020980834961,0
2012-08-03,0.23400020599365234,1
2012-08-06,0.19999980926513672,1
2012-08-07,0.39600038528442383,1
2012-08-08,-0.23200035095214844,0
2012-08-09,0.06400012969970703,1
2012-08-10,0.10599994659423828,1
2012-08-13,0.2460002899169922,1
2012-08-14,-0.35000038146972656,0
2012-08-15,-0.0039997100830078125,0
2012-08-16,0.17999982833862305,1
2012-08-17,-0.05800008773803711,0
2012-08-20,-0.09999990463256836,0
2012-08-21,-0.07999992370605469,0
2012-08-22,0.1679997444152832,1
2012-08-23,0.15600013732910156,1
2012-08-24,-0.24599981307983398,0
2012-08-27,-0.23600006103515625,0
2012-08-28,0.07399988174438477,1
2012-08-29,-0.055999755859375,0
2012-08-30,0.0,0
2012-08-31,0.021999835968017578,1
2012-09-04,-0.07600021362304688,0
2012-09-05,-0.039999961853027344,0
2012-09-06,0.12200021743774414,1
2012-09-07,0.15999984741210938,1
2012-09-10,-0.3959999084472656,0
2012-09-11,0.08599996566772461,1
2012-09-12,0.09600019454956055,1
2012-09-13,0.23999977111816406,1
2012-09-14,0.18200016021728516,1
2012-09-17,0.42999982833862305,1
2012-09-18,-0.23999977111816406,0
2012-09-19,-0.05800008773803711,0
2012-09-20,-0.03000020980834961,0
2012-09-21,-0.17599964141845703,0
2012-09-24,0.12799978256225586,1
2012-09-25,-0.5999999046325684,0
2012-09-26,-0.024000167846679688,0
2012-09-27,0.19000005722045898,1
2012-09-28,0.15799999237060547,1
2012-10-01,-0.024000167846679688,0
2012-10-02,0.12800025939941406,1
2012-10-03,-0.09999990463256836,0
2012-10-04,0.019999980926513672,1
2012-10-05,-0.10200023651123047,0
2012-10-08,0.07200002670288086,1
2012-10-09,-0.17600011825561523,0
2012-10-10,0.006000041961669922,1
2012-10-11,-0.015999794006347656,0
2012-10-12,-0.1360001564025879,0
2012-10-15,-0.06199979782104492,0
2012-10-16,0.14599990844726562,1
2012-10-17,0.15199995040893555,1
2012-10-18,-0.15600013732910156,0
2012-10-19,-0.059999942779541016,0
2012-10-22,0.02200031280517578,1
2012-10-23,0.10799980163574219,1
2012-10-24,-0.1939997673034668,0
2012-10-25,0.019999980926513672,1
2012-10-26,-0.028000354766845703,0
2012-10-31,0.15000009536743164,1
2012-11-01,0.2239999771118164,1
2012-11-02,-0.06599998474121094,0
2012-11-05,0.5160002708435059,1
2012-11-06,-0.07000017166137695,0
2012-11-07,0.07800006866455078,1
2012-11-08,-0.046000003814697266,0
2012-11-09,-0.1979999542236328,0
2012-11-12,0.15000009536743164,1
2012-11-13,0.10799980163574219,1
2012-11-14,-0.046000003814697266,0
2012-11-15,-0.1119999885559082,0
2012-11-16,0.20399999618530273,1
2012-11-19,0.21600008010864258,1
2012-11-20,0.015999794006347656,1
2012-11-21,-0.10599994659423828,0
2012-11-23,-0.06799983978271484,0
2012-11-26,0.0279998779296875,1
2012-11-27,-0.024000167846679688,0
2012-11-28,0.21600008010864258,1
2012-11-29,0.09200000762939453,1
2012-11-30,0.026000022888183594,1
2012-12-03,0.15999984741210938,1
2012-12-04,-0.14399957656860352,0
2012-12-05,-0.03800010681152344,0
2012-12-06,0.03800010681152344,1
2012-12-07,0.053999900817871094,1
2012-12-10,0.07999992370605469,1
2012-12-11,0.1420001983642578,1
2012-12-12,-0.004000186920166016,0
2012-12-13,-0.3299999237060547,0
2012-12-14,0.039999961853027344,1
2012-12-17,0.11800003051757812,1
2012-12-18,0.03800010681152344,1
2012-12-19,0.0039997100830078125,1
2012-12-20,-0.03599977493286133,0
2012-12-21,-0.08599996566772461,0
2012-12-24,0.055999755859375,1
2012-12-26,-0.1380000114440918,0
2012-12-27,0.019999980926513672,1
2012-12-28,-0.09399986267089844,0
2012-12-31,0.13000011444091797,1
2013-01-02,0.29799985885620117,1
2013-01-03,-0.11800003051757812,0
2013-01-04,-0.07399988174438477,0
2013-01-07,-0.012000083923339844,0
2013-01-08,-0.13199996948242188,0
2013-01-09,-0.007999897003173828,0
2013-01-10,-0.02200031280517578,0
2013-01-11,-0.12400007247924805,0
2013-01-14,0.07000017166137695,1
2013-01-15,0.12800025939941406,1
2013-01-16,0.039999961853027344,1
2013-01-17,0.055999755859375,1
2013-01-18,0.0279998779296875,1
2013-01-22,0.13400030136108398,1
2013-01-23,0.16199970245361328,1
2013-01-24,0.1979999542236328,1
2013-01-25,-0.0019998550415039062,0
2013-01-28,0.21000003814697266,1
2013-01-29,-0.015999794006347656,0
2013-01-30,-0.08599996566772461,0
2013-01-31,-0.0020003318786621094,0
2013-02-01,0.15799999237060547,1
2013-02-04,-0.1119999885559082,0
2013-02-05,0.07800006866455078,1
2013-02-06,0.20800018310546875,1
2013-02-07,0.06199979782104492,1
2013-02-08,-0.04799985885620117,0
2013-02-11,-0.1640000343322754,0
2013-02-12,-0.10599994659423828,0
2013-02-13,0.1119999885559082,1
2013-02-14,-0.03600025177001953,0
2013-02-15,-0.24599981307983398,0
2013-02-19,0.4479999542236328,1
2013-02-20,-0.14799976348876953,0
2013-02-21,-0.6760001182556152,0
2013-02-22,0.19000005722045898,1
2013-02-25,-0.34600019454956055,0
2013-02-26,0.010000228881835938,1
2013-02-27,0.13399982452392578,1
2013-02-28,-0.053999900817871094,0
2013-03-01,-0.03600025177001953,0
2013-03-04,0.18600034713745117,1
2013-03-05,0.21399974822998047,1
2013-03-06,0.20800018310546875,1
2013-03-07,0.10799980163574219,1
2013-03-08,0.04799985885620117,1
2013-03-11,0.12600040435791016,1
2013-03-12,0.0039997100830078125,1
2013-03-13,-0.0279998779296875,0
2013-03-14,-0.42600011825561523,0
2013-03-15,-0.3119997978210449,0
2013-03-18,-0.0279998779296875,0
2013-03-19,-0.014000415802001953,0
2013-03-20,0.17400026321411133,1
2013-03-21,0.012000083923339844,1
2013-03-22,0.12199974060058594,1
2013-03-25,0.18200016021728516,1
2013-03-26,0.06599998474121094,1
2013-03-27,0.059999942779541016,1
2013-03-28,-0.053999900817871094,0
2013-04-01,1.2080001831054688,1
2013-04-02,0.0819997787475586,1
2013-04-03,-0.6479997634887695,0
2013-04-04,0.18200016021728516,1
2013-04-05,-0.12800025939941406,0
2013-04-08,0.09200000762939453,1
2013-04-09,-0.26599979400634766,0
2013-04-10,0.2719993591308594,1
2013-04-11,0.34600067138671875,1
2013-04-12,0.03199958801269531,1
2013-04-15,-0.09000015258789062,0
2013-04-16,0.45800018310546875,1
2013-04-17,-0.0279998779296875,0
2013-04-18,0.3039999008178711,1
2013-04-19,0.17199993133544922,1
2013-04-22,0.4720001220703125,1
2013-04-23,0.1639995574951172,1
2013-04-24,-0.11599922180175781,0
2013-04-25,0.3139991760253906,1
2013-04-26,-0.15999984741210938,0
2013-04-29,0.7480001449584961,1
2013-04-30,-0.18999958038330078,0
2013-05-01,-0.1420001983642578,0
2013-05-02,0.1659994125366211,1
2013-05-03,0.08800029754638672,1
2013-05-06,0.9899997711181641,1
2013-05-07,-0.797999382019043,0
2013-05-08,0.055999755859375,1
2013-05-09,2.7220001220703125,1
2013-05-10,1.4720001220703125,1
2013-05-13,2.2079992294311523,1
2013-05-14,-0.9119987487792969,0
2013-05-15,0.31999969482421875,1
2013-05-16,1.4820003509521484,1
2013-05-17,-0.15000152587890625,0
2013-05-20,-0.3119983673095703,0
2013-05-21,-0.470001220703125,0
2013-05-22,-0.06999969482421875,0
2013-05-23,1.0979995727539062,1
2013-05-24,0.8700008392333984,1
2013-05-28,2.6499996185302734,1
2013-05-29,-1.1399993896484375,0
2013-05-30,0.06399917602539062,1
2013-05-31,-1.4379997253417969,0
2013-06-03,-1.0340003967285156,0
2013-06-04,0.4500007629394531,1
2013-06-05,0.10599899291992188,1
2013-06-06,0.3959999084472656,1
2013-06-07,0.9380016326904297,1
2013-06-10,-0.39800071716308594,0
2013-06-11,-1.1160011291503906,0
2013-06-12,0.6520004272460938,1
2013-06-13,0.09000015258789062,1
2013-06-14,0.4239997863769531,1
2013-06-17,0.3800010681152344,1
2013-06-18,0.23799896240234375,1
2013-06-19,0.25800132751464844,1
2013-06-20,-0.8060016632080078,0
2013-06-21,-0.2199993133544922,0
2013-06-24,0.38800048828125,1
2013-06-25,0.18199920654296875,1
2013-06-26,0.6639995574951172,1
2013-06-27,0.7060012817382812,1
2013-06-28,-0.37800025939941406,0
2013-07-01,1.9640007019042969,1
2013-07-02,0.12799835205078125,1
2013-07-03,-0.5159988403320312,0
2013-07-05,0.9699993133544922,1
2013-07-08,0.3040008544921875,1
2013-07-09,0.3680000305175781,1
2013-07-10,-0.23600006103515625,0
2013-07-11,0.667999267578125,1
2013-07-12,0.8579998016357422,1
2013-07-15,-0.5279998779296875,0
2013-07-16,-3.642000198364258,0
2013-07-17,2.239999771118164,1
2013-07-18,-0.24399948120117188,0
2013-07-19,0.13000106811523438,1
2013-07-22,0.5499992370605469,1
2013-07-23,0.062000274658203125,1
2013-07-24,-0.20800018310546875,0
2013-07-25,0.4739990234375,1
2013-07-26,1.0640010833740234,1
2013-07-29,1.045999526977539,1
2013-07-30,-0.5760002136230469,0
2013-07-31,0.5080013275146484,1
2013-08-01,0.2539997100830078,1
2013-08-02,0.48999977111816406,1
2013-08-05,1.3360004425048828,1
2013-08-06,-0.5060005187988281,0
2013-08-07,-1.5839996337890625,0
2013-08-08,3.8499984741210938,1
2013-08-09,-0.09599876403808594,0
2013-08-12,-1.1240005493164062,0
2013-08-13,-0.3899993896484375,0
2013-08-14,-1.2140007019042969,0
2013-08-15,0.062000274658203125,1
2013-08-16,0.4659996032714844,1
2013-08-19,0.5799999237060547,1
2013-08-20,0.9360008239746094,1
2013-08-21,-0.34399986267089844,0
2013-08-22,1.8479995727539062,1
2013-08-23,0.9479999542236328,1
2013-08-26,0.4760017395019531,1
2013-08-27,0.5579986572265625,1
2013-08-28,-0.11199951171875,0
2013-08-29,-0.07799911499023438,0
2013-08-30,0.5879974365234375,1
2013-09-03,-0.01200103759765625,0
2013-09-04,0.3360023498535156,1
2013-09-05,-0.13800048828125,0
2013-09-06,-0.5919990539550781,0
2013-09-09,-1.2540016174316406,0
2013-09-10,1.1339988708496094,1
2013-09-11,-0.5699996948242188,0
2013-09-12,0.2820014953613281,1
2013-09-13,0.12200164794921875,1
2013-09-16,0.20800018310546875,1
2013-09-17,-0.07000350952148438,0
2013-09-18,-0.0019989013671875,0
2013-09-19,2.3400001525878906,1
2013-09-20,1.0940017700195312,1
2013-09-23,-0.45600128173828125,0
2013-09-24,0.24399948120117188,1
2013-09-25,0.582000732421875,1
2013-09-26,0.6800003051757812,1
2013-09-27,0.4519996643066406,1
2013-09-30,0.4939994812011719,1
2013-10-01,-0.07400131225585938,0
2013-10-02,-2.4099998474121094,0
2013-10-03,-1.5279998779296875,0
2013-10-04,1.5340003967285156,1
2013-10-07,0.417999267578125,1
2013-10-08,-1.667999267578125,0
2013-10-09,-1.1899986267089844,0
2013-10-10,0.8299980163574219,1
2013-10-11,1.1540031433105469,1
2013-10-14,0.20399856567382812,1
2013-10-15,0.8439979553222656,1
2013-10-16,-0.07599639892578125,0
2013-10-17,-0.15200042724609375,0
2013-10-18,0.11999893188476562,1
2013-10-21,-2.1599998474121094,0
2013-10-22,-0.21200180053710938,0
2013-10-23,-1.4079971313476562,0
2013-10-24,1.7299995422363281,1
2013-10-25,-0.6980018615722656,0
2013-10-28,-1.3600006103515625,0
2013-10-29,0.3220024108886719,1
2013-10-30,-1.0500011444091797,0
2013-10-31,0.14400100708007812,1
2013-11-01,0.4459972381591797,1
2013-11-04,2.6060028076171875,1
2013-11-05,0.32199859619140625,1
2013-11-06,-5.129999160766602,0
2013-11-07,-2.2779998779296875,0
2013-11-08,-0.3640003204345703,0
2013-11-11,1.3500003814697266,1
2013-11-12,-1.3800010681152344,0
2013-11-13,0.18000030517578125,1
2013-11-14,-0.2199993133544922,0
2013-11-15,-0.43000030517578125,0
2013-11-18,-2.7740001678466797,0
2013-11-19,0.9020004272460938,1
2013-11-20,-0.9960002899169922,0
2013-11-21,0.1979999542236328,1
2013-11-22,-0.14400100708007812,0
2013-11-25,-0.10799980163574219,0
2013-11-26,-0.06799888610839844,0
2013-11-27,1.2880001068115234,1
2013-11-29,0.06799888610839844,1
2013-12-02,-0.6219997406005859,0
2013-12-03,4.106000900268555,1
2013-12-04,-1.1499996185302734,0
2013-12-05,0.305999755859375,1
2013-12-06,-0.6240005493164062,0
2013-12-09,0.8479995727539062,1
2013-12-10,0.11800003051757812,1
2013-12-11,-0.5079994201660156,0
2013-12-12,1.5639991760253906,1
2013-12-13,0.03600120544433594,1
2013-12-16,0.0579986572265625,1
2013-12-17,0.9040012359619141,1
2013-12-18,-0.8959999084472656,0
2013-12-19,-1.4520015716552734,0
2013-12-20,0.5040016174316406,1
2013-12-23,0.06199836730957031,1
2013-12-24,1.572000503540039,1
2013-12-26,0.8180007934570312,1
2013-12-27,-0.8759994506835938,0
2013-12-30,0.26399993896484375,1
2013-12-31,-0.40200042724609375,0
2014-01-02,-0.06599998474121094,0
2014-01-03,-0.10799980163574219,0
2014-01-06,-0.5120010375976562,0
2014-01-07,0.4720001220703125,1
2014-01-08,0.3840007781982422,1
2014-01-09,-0.75,0
2014-01-10,-0.3620014190673828,0
2014-01-13,-1.2759990692138672,0
2014-01-14,4.3860015869140625,1
2014-01-15,0.5719985961914062,1
2014-01-16,1.3680000305175781,1
2014-01-17,-0.1920013427734375,0
2014-01-21,1.3339996337890625,1
2014-01-22,0.3760032653808594,1
2014-01-23,0.5879974365234375,1
2014-01-24,-1.3800010681152344,0
2014-01-27,-0.9959983825683594,0
2014-01-28,1.7519989013671875,1
2014-01-29,-0.6299972534179688,0
2014-01-30,1.5219993591308594,1
2014-01-31,-0.2859992980957031,0
2014-02-03,-0.8600006103515625,0
2014-02-04,0.32399749755859375,1
2014-02-05,-0.86199951171875,0
2014-02-06,0.7919998168945312,1
2014-02-07,1.6300010681152344,1
2014-02-10,2.006000518798828,1
2014-02-11,0.01200103759765625,1
2014-02-12,-0.26000213623046875,0
2014-02-13,0.86199951171875,1
2014-02-14,-0.279998779296875,0
2014-02-18,1.0940017700195312,1
2014-02-19,-2.0120010375976562,0
2014-02-20,3.2659988403320312,1
2014-02-21,-0.07400131225585938,0
2014-02-24,1.6100006103515625,1
2014-02-25,6.069999694824219,1
2014-02-26,1.0,1
2014-02-27,-0.09199905395507812,0
2014-02-28,-1.5459976196289062,0
2014-03-03,1.1499977111816406,1
2014-03-04,0.8559989929199219,1
2014-03-05,-0.43599700927734375,0
2014-03-06,0.055999755859375,1
2014-03-07,-1.3460006713867188,0
2014-03-10,-1.4739990234375,0
2014-03-11,-0.8860015869140625,0
2014-03-12,1.4160003662109375,1
2014-03-13,-0.7400016784667969,0
2014-03-14,-1.3639984130859375,0
2014-03-17,0.6020011901855469,1
2014-03-18,1.2119979858398438,1
2014-03-19,-0.8400001525878906,0
2014-03-20,-0.18600082397460938,0
2014-03-21,-1.2039985656738281,0
2014-03-24,-1.7439994812011719,0
2014-03-25,0.0540008544921875,1
2014-03-26,-1.496002197265625,0
2014-03-27,-1.1279983520507812,0
2014-03-28,1.0099983215332031,1
2014-03-31,-0.7840003967285156,0
2014-04-01,1.7040023803710938,1
2014-04-02,2.6639976501464844,1
2014-04-03,-0.977996826171875,0
2014-04-04,-2.634002685546875,0
2014-04-07,-0.9419975280761719,0
2014-04-08,1.5879974365234375,1
2014-04-09,0.2940025329589844,1
2014-04-10,-2.5480003356933594,0
2014-04-11,-0.082000732421875,0
2014-04-14,-1.13800048828125,0
2014-04-15,-0.83599853515625,0
2014-04-16,1.0399971008300781,1
2014-04-17,-0.197998046875,0
2014-04-21,1.2519989013671875,1
2014-04-22,2.852001190185547,1
2014-04-23,-2.1300010681152344,0
2014-04-24,-0.0260009765625,0
2014-04-25,-1.6019973754882812,0
2014-04-28,-0.2680015563964844,0
2014-04-29,1.6819992065429688,1
2014-04-30,0.194000244140625,1
2014-05-01,-0.0319976806640625,0
2014-05-02,0.6359977722167969,1
2014-05-05,1.1399993896484375,1
2014-05-06,-1.865997314453125,0
2014-05-07,-1.1860008239746094,0
2014-05-08,-4.552001953125,0
2014-05-09,0.7340011596679688,1
2014-05-12,0.4819984436035156,1
2014-05-13,1.0980033874511719,1
2014-05-14,0.09199905395507812,1
2014-05-15,-0.4060020446777344,0
2014-05-16,0.5940017700195312,1
2014-05-19,0.9059982299804688,1
2014-05-20,-0.15799713134765625,0
2014-05-21,0.8299980163574219,1
2014-05-22,1.0860023498535156,1
2014-05-23,0.4839973449707031,1
2014-05-27,0.8520011901855469,1
2014-05-28,-0.26399993896484375,0
2014-05-29,0.0,0
2014-05-30,-0.4939994812011719,0
2014-06-02,-0.6140022277832031,0
2014-06-03,0.048000335693359375,1
2014-06-04,-0.18999862670898438,0
2014-06-05,0.582000732421875,1
2014-06-06,0.253997802734375,1
2014-06-09,-0.5719985961914062,0
2014-06-10,-0.6020011901855469,0
2014-06-11,0.4340019226074219,1
2014-06-12,-0.19000244140625,0
2014-06-13,0.5800018310546875,1
2014-06-16,3.63800048828125,1
2014-06-17,1.4119987487792969,1
2014-06-18,-0.9099998474121094,0
2014-06-19,0.13399887084960938,1
2014-06-20,0.3600006103515625,1
2014-06-23,1.5260009765625,1
2014-06-24,-0.944000244140625,0
2014-06-25,0.8779983520507812,1
2014-06-26,-0.2579994201660156,0
2014-06-27,0.6920013427734375,1
2014-06-30,0.20000076293945312,1
2014-07-01,-0.06800079345703125,0
2014-07-02,-2.0579986572265625,0
2014-07-03,-0.03600311279296875,0
2014-07-07,-1.3179969787597656,0
2014-07-08,-0.7180023193359375,0
2014-07-09,0.7980003356933594,1
2014-07-10,-0.720001220703125,0
2014-07-11,-0.26599884033203125,0
2014-07-14,1.7140007019042969,1
2014-07-15,-1.4239997863769531,0
2014-07-16,-0.48400115966796875,0
2014-07-17,-0.35199737548828125,0
2014-07-18,0.9239997863769531,1
2014-07-21,0.10400009155273438,1
2014-07-22,-0.1920013427734375,0
2014-07-23,0.582000732421875,1
2014-07-24,0.20999908447265625,1
2014-07-25,0.006000518798828125,1
2014-07-28,0.25,1
2014-07-29,0.037998199462890625,1
2014-07-30,0.7820014953613281,1
2014-07-31,-1.1240005493164062,0
2014-08-01,1.9939994812011719,1
2014-08-04,1.0499992370605469,1
2014-08-05,-0.0059967041015625,0
2014-08-06,2.0879974365234375,1
2014-08-07,0.6920013427734375,1
2014-08-08,-0.8520011901855469,0
2014-08-11,2.2379989624023438,1
2014-08-12,0.12800216674804688,1
2014-08-13,0.06999969482421875,1
2014-08-14,0.21400070190429688,1
2014-08-15,0.12599945068359375,1
2014-08-18,-0.41400146484375,0
2014-08-19,-0.6359977722167969,0
2014-08-20,-0.21000289916992188,0
2014-08-21,-0.2739982604980469,0
2014-08-22,0.48799896240234375,1
2014-08-25,1.1539993286132812,1
2014-08-26,-0.16199874877929688,0
2014-08-27,0.302001953125,1
2014-08-28,0.12199783325195312,1
2014-08-29,1.167999267578125,1
2014-09-02,2.884002685546875,1
2014-09-03,-0.5860023498535156,0
2014-09-04,0.970001220703125,1
2014-09-05,-1.7299995422363281,0
2014-09-08,0.944000244140625,1
2014-09-09,-0.7260017395019531,0
2014-09-10,0.5240020751953125,1
2014-09-11,-0.15800094604492188,0
2014-09-12,-0.2220001220703125,0
2014-09-15,-5.068000793457031,0
2014-09-16,1.3759994506835938,1
2014-09-17,0.12800216674804688,1
2014-09-18,0.48799896240234375,1
2014-09-19,-0.9000015258789062,0
2014-09-22,-1.8579978942871094,0
2014-09-23,0.07600021362304688,1
2014-09-24,0.34600067138671875,1
2014-09-25,-1.0380020141601562,0
2014-09-26,-0.06999969482421875,0
2014-09-29,-0.2680015563964844,0
2014-09-30,-0.5159988403320312,0
2014-10-01,-0.48799896240234375,0
2014-10-02,2.2360000610351562,1
2014-10-03,0.7579994201660156,1
2014-10-06,1.082000732421875,1
2014-10-07,-0.20999908447265625,0
2014-10-08,-0.058002471923828125,0
2014-10-09,-0.4539985656738281,0
2014-10-10,-4.020000457763672,0
2014-10-13,-2.464000701904297,0
2014-10-14,0.4939994812011719,1
2014-10-15,0.5279998779296875,1
2014-10-16,-0.6699981689453125,0
2014-10-17,0.2259979248046875,1
2014-10-20,0.5980033874511719,1
2014-10-21,0.9739990234375,1
2014-10-22,-0.8479995727539062,0
2014-10-23,0.8379974365234375,1
2014-10-24,-0.009998321533203125,0
2014-10-27,-2.714000701904297,0
2014-10-28,4.220001220703125,1
2014-10-29,-0.9340019226074219,0
2014-10-30,0.11199951171875,1
2014-10-31,0.608001708984375,1
2014-11-03,0.17800140380859375,1
2014-11-04,-0.7320022583007812,0
2014-11-05,-1.5919990539550781,0
2014-11-06,2.049999237060547,1
2014-11-07,-0.20399856567382812,0
2014-11-10,0.34600067138671875,1
2014-11-11,1.8299980163574219,1
2014-11-12,-0.3959999084472656,0
2014-11-13,0.5200004577636719,1
2014-11-14,1.3959999084472656,1
2014-11-17,-0.9399986267089844,0
2014-11-18,0.7439994812011719,1
2014-11-19,-1.9920005798339844,0
2014-11-20,0.194000244140625,1
2014-11-21,-1.1860008239746094,0
2014-11-24,0.7880020141601562,1
2014-11-25,0.2739982604980469,1
2014-11-26,0.06999969482421875,1
2014-11-28,-0.7840003967285156,0
2014-12-01,-2.576000213623047,0
2014-12-02,-0.04199981689453125,0
2014-12-03,-0.4259986877441406,0
2014-12-04,-0.20400238037109375,0
2014-12-05,-0.9139976501464844,0
2014-12-08,-1.8699989318847656,0
2014-12-09,0.5059967041015625,1
2014-12-10,-1.4099998474121094,0
2014-12-11,-0.19199752807617188,0
2014-12-12,-0.37599945068359375,0
2014-12-15,-0.5920028686523438,0
2014-12-16,-1.2459983825683594,0
2014-12-17,1.6020011901855469,1
2014-12-18,2.4879989624023438,1
2014-12-19,0.20600128173828125,1
2014-12-22,0.6619987487792969,1
2014-12-23,-0.3260002136230469,0
2014-12-24,0.2579994201660156,1
2014-12-26,1.11199951171875,1
2014-12-29,-0.4220008850097656,0
2014-12-30,-0.6959991455078125,0
2014-12-31,0.035999298095703125,1
2015-01-02,-0.6199989318847656,0
2015-01-05,-1.8439979553222656,0
2015-01-06,0.23799896240234375,1
2015-01-07,-0.06600189208984375,0
2015-01-08,-0.06599807739257812,0
2015-01-09,-0.7919998168945312,0
2015-01-12,-0.8899993896484375,0
2015-01-13,0.40799713134765625,1
2015-01-14,-2.312000274658203,0
2015-01-15,-0.16399765014648438,0
2015-01-16,0.23999786376953125,1
2015-01-20,-0.227996826171875,0
2015-01-21,0.9279975891113281,1
2015-01-22,1.0100021362304688,1
2015-01-23,-0.06600189208984375,0
2015-01-26,1.052001953125,1
2015-01-27,-0.11400222778320312,0
2015-01-28,-1.3219985961914062,0
2015-01-29,1.1660003662109375,1
2015-01-30,-0.31999969482421875,0
2015-02-02,1.4679985046386719,1
2015-02-03,1.4840011596679688,1
2015-02-04,0.037998199462890625,1
2015-02-05,0.4880027770996094,1
2015-02-06,-0.7260017395019531,0
2015-02-09,0.023998260498046875,1
2015-02-10,-0.23799896240234375,0
2015-02-11,-0.697998046875,0
2015-02-12,-1.9840011596679688,0
2015-02-13,0.17800140380859375,1
2015-02-17,0.115997314453125,1
2015-02-18,0.021999359130859375,1
2015-02-19,1.4500007629394531,1
2015-02-20,1.0800018310546875,1
2015-02-23,-1.9540023803710938,0
2015-02-24,-0.6459999084472656,0
2015-02-25,-0.06999969482421875,0
2015-02-26,0.6860008239746094,1
2015-02-27,-0.7700004577636719,0
2015-03-02,-1.2019996643066406,0
2015-03-03,0.4459991455078125,1
2015-03-04,0.5760002136230469,1
2015-03-05,-0.36199951171875,0
2015-03-06,-1.3499984741210938,0
2015-03-09,-0.6000022888183594,0
2015-03-10,-0.11199951171875,0
2015-03-11,0.6840019226074219,1
2015-03-12,-0.5340003967285156,0
2015-03-13,-0.4780006408691406,0
2015-03-16,1.4039993286132812,1
2015-03-17,-0.194000244140625,0
2015-03-18,1.1959991455078125,1
2015-03-19,-1.0119972229003906,0
2015-03-20,0.48600006103515625,1
2015-03-23,0.30999755859375,1
2015-03-24,0.4180030822753906,1
2015-03-25,-1.4840011596679688,0
2015-03-26,-0.7779998779296875,0
2015-03-27,-1.082000732421875,0
2015-03-30,1.1139984130859375,1
2015-03-31,-0.3599967956542969,0
2015-04-01,-0.23600006103515625,0
2015-04-02,0.6819992065429688,1
2015-04-06,2.4199981689453125,1
2015-04-07,0.030002593994140625,1
2015-04-08,0.8839988708496094,1
2015-04-09,0.48400115966796875,1
2015-04-10,0.16199874877929688,1
2015-04-13,-0.2239990234375,0
2015-04-14,-0.4640007019042969,0
2015-04-15,0.07400131225585938,1
2015-04-16,-0.22600173950195312,0
2015-04-17,0.018001556396484375,1
2015-04-20,-0.3040008544921875,0
2015-04-21,0.8279991149902344,1
2015-04-22,2.006000518798828,1
2015-04-23,-0.167999267578125,0
2015-04-24,-0.034000396728515625,0
2015-04-27,2.6240005493164062,1
2015-04-28,-0.21400070190429688,0
2015-04-29,0.3940010070800781,1
2015-04-30,-1.2800025939941406,0
2015-05-01,-0.003997802734375,0
2015-05-04,0.8959999084472656,1
2015-05-05,0.48799896240234375,1
2015-05-06,-0.5040016174316406,0
2015-05-07,1.2740020751953125,1
2015-05-08,-0.03800201416015625,0
2015-05-11,0.5760002136230469,1
2015-05-12,1.0500030517578125,1
2015-05-13,-0.3120002746582031,0
2015-05-14,0.18399810791015625,1
2015-05-15,0.9480018615722656,1
2015-05-18,-0.018001556396484375,0
2015-05-19,-0.32199859619140625,0
2015-05-20,-0.5580024719238281,0
2015-05-21,0.2540016174316406,1
2015-05-22,0.4220008850097656,1
2015-05-26,-0.0540008544921875,0
2015-05-27,-0.006000518798828125,0
2015-05-28,0.8040008544921875,1
2015-05-29,-0.13000106811523438,0
2015-06-01,-0.2700004577636719,0
2015-06-02,-0.220001220703125,0
2015-06-03,0.12800216674804688,1
2015-06-04,-0.6140022277832031,0
2015-06-05,0.6440010070800781,1
2015-06-08,1.4300003051757812,1
2015-06-09,-0.0579986572265625,0
2015-06-10,-1.0600013732910156,0
2015-06-11,0.14200210571289062,1
2015-06-12,-0.14400100708007812,0
2015-06-15,-0.062000274658203125,0
2015-06-16,0.5480003356933594,1
2015-06-17,1.4580001831054688,1
2015-06-18,0.29599761962890625,1
2015-06-19,0.12400054931640625,1
2015-06-22,-0.5439987182617188,0
2015-06-23,1.5760002136230469,1
2015-06-24,-0.5,0
2015-06-25,0.7239990234375,1
2015-06-26,-0.3400001525878906,0
2015-06-29,-1.0139999389648438,0
2015-06-30,1.2480010986328125,1
2015-07-01,0.17800140380859375,1
2015-07-02,2.173999786376953,1
2015-07-06,-0.060001373291015625,0
2015-07-07,-2.368000030517578,0
2015-07-08,-2.5839996337890625,0
2015-07-09,0.5919990539550781,1
2015-07-10,0.246002197265625,1
2015-07-13,0.6019973754882812,1
2015-07-14,0.6980018615722656,1
2015-07-15,-0.5020027160644531,0
2015-07-16,0.7080001831054688,1
2015-07-17,1.5960006713867188,1
2015-07-20,1.5200004577636719,1
2015-07-21,-3.0979995727539062,0
2015-07-22,0.220001220703125,1
2015-07-23,-0.134002685546875,0
2015-07-24,-0.3579978942871094,0
2015-07-27,-2.479999542236328,0
2015-07-28,2.36199951171875,1
2015-07-29,-0.20000076293945312,0
2015-07-30,0.5940017700195312,1
2015-07-31,-0.12800216674804688,0
2015-08-03,-1.2319984436035156,0
2015-08-04,1.2579994201660156,1
2015-08-05,0.7700004577636719,1
2015-08-06,-4.799999237060547,0
2015-08-07,-0.7240028381347656,0
2015-08-10,-0.2739982604980469,0
2015-08-11,-0.7540016174316406,0
2015-08-12,0.15999984741210938,1
2015-08-13,0.8680000305175781,1
2015-08-14,0.12800216674804688,1
2015-08-17,2.368000030517578,1
2015-08-18,1.1459999084472656,1
2015-08-19,-1.0940017700195312,0
2015-08-20,-2.6139984130859375,0
2015-08-21,-2.282001495361328,0
2015-08-24,-2.3800010681152344,0
2015-08-25,0.23200225830078125,1
2015-08-26,0.9619979858398438,1
2015-08-27,3.6300010681152344,1
2015-08-28,1.0979995727539062,1
2015-08-31,0.11600112915039062,1
2015-09-01,-2.08599853515625,0
2015-09-02,1.8119964599609375,1
2015-09-03,-0.4239997863769531,0
2015-09-04,-0.727996826171875,0
2015-09-08,1.2479972839355469,1
2015-09-09,0.14800262451171875,1
2015-09-10,-0.08600234985351562,0
2015-09-11,0.3520011901855469,1
2015-09-14,0.5900001525878906,1
2015-09-15,0.07600021362304688,1
2015-09-16,1.7360000610351562,1
2015-09-17,-0.035999298095703125,0
2015-09-18,-0.29000091552734375,0
2015-09-21,0.7159996032714844,1
2015-09-22,-0.6520004272460938,0
2015-09-23,0.0240020751953125,1
2015-09-24,0.4119987487792969,1
2015-09-25,-1.2420005798339844,0
2015-09-28,-1.6959991455078125,0
2015-09-29,-0.3559989929199219,0
2015-09-30,0.34999847412109375,1
2015-10-01,-1.7039985656738281,0
2015-10-02,1.5379981994628906,1
2015-10-05,-0.2840003967285156,0
2015-10-06,-0.9379997253417969,0
2015-10-07,-1.9000015258789062,0
2015-10-08,-1.0479965209960938,0
2015-10-09,-1.2060012817382812,0
2015-10-12,-1.0219993591308594,0
2015-10-13,0.7339973449707031,1
2015-10-14,-0.4739990234375,0
2015-10-15,0.8860015869140625,1
2015-10-16,1.1399993896484375,1
2015-10-19,0.21799850463867188,1
2015-10-20,-3.0139999389648438,0
2015-10-21,-0.5879974365234375,0
2015-10-22,0.3260002136230469,1
2015-10-23,-0.5260009765625,0
2015-10-26,1.2339973449707031,1
2015-10-27,-0.9819984436035156,0
2015-10-28,0.5219993591308594,1
2015-10-29,-0.26599884033203125,0
2015-10-30,-0.9399986267089844,0
2015-11-02,1.3719978332519531,1
2015-11-03,-1.0880012512207031,0
2015-11-04,4.656002044677734,1
2015-11-05,0.0279998779296875,1
2015-11-06,0.11800003051757812,1
2015-11-09,-1.4059982299804688,0
2015-11-10,-1.7660026550292969,0
2015-11-11,0.5160026550292969,1
2015-11-12,-1.2280006408691406,0
2015-11-13,-1.1500015258789062,0
2015-11-16,1.4239997863769531,1
2015-11-17,-0.062000274658203125,0
2015-11-18,1.41400146484375,1
2015-11-19,0.14599990844726562,1
2015-11-20,-0.358001708984375,0
2015-11-23,-0.4519996643066406,0
2015-11-24,0.10000228881835938,1
2015-11-25,2.2779998779296875,1
2015-11-27,0.3939971923828125,1
2015-11-30,-0.2700004577636719,0
2015-12-01,1.3860015869140625,1
2015-12-02,-1.0400009155273438,0
2015-12-03,0.14400100708007812,1
2015-12-04,-0.4659996032714844,0
2015-12-07,0.15000152587890625,1
2015-12-08,-0.8819999694824219,0
2015-12-09,-0.44000244140625,0
2015-12-10,0.5100021362304688,1
2015-12-11,-2.0100021362304688,0
2015-12-14,0.3120002746582031,1
2015-12-15,0.5019989013671875,1
2015-12-16,2.684001922607422,1
2015-12-17,-0.2239990234375,0
2015-12-18,-0.5860023498535156,0
2015-12-21,0.4200019836425781,1
2015-12-22,-0.5219993591308594,0
2015-12-23,-0.0500030517578125,0
2015-12-24,0.17399978637695312,1
2015-12-28,-0.32399749755859375,0
2015-12-29,1.6479988098144531,1
2015-12-30,0.18000030517578125,1
2015-12-31,0.3839988708496094,1
2016-01-04,-3.3199996948242188,0
2016-01-05,0.004001617431640625,1
2016-01-06,-0.8780021667480469,0
2016-01-07,-0.6779975891113281,0
2016-01-08,-0.9300003051757812,0
2016-01-11,-0.6300010681152344,0
2016-01-12,0.4239997863769531,1
2016-01-13,-1.9319992065429688,0
2016-01-14,1.1739997863769531,1
2016-01-15,-0.23799896240234375,0
2016-01-19,-0.0540008544921875,0
2016-01-20,-1.2039985656738281,0
2016-01-21,0.253997802734375,1
2016-01-22,0.5159988403320312,1
2016-01-25,-1.2339973449707031,0
2016-01-26,-0.5639991760253906,0
2016-01-27,-1.0980033874511719,0
2016-01-28,0.3260002136230469,1
2016-01-29,0.3000030517578125,1
2016-02-01,1.1479988098144531,1
2016-02-02,-2.832000732421875,0
2016-02-03,-1.8600006103515625,0
2016-02-04,0.37000274658203125,1
2016-02-05,-2.546001434326172,0
2016-02-08,-2.9220008850097656,0
2016-02-09,0.05200004577636719,1
2016-02-10,-0.9160003662109375,0
2016-02-11,1.3600006103515625,1
2016-02-12,0.11400032043457031,1
2016-02-16,0.8260002136230469,1
2016-02-17,2.7019996643066406,1
2016-02-18,-0.3819999694824219,0
2016-02-19,-0.037998199462890625,0
2016-02-22,2.2319984436035156,1
2016-02-23,-0.10599899291992188,0
2016-02-24,0.3579978942871094,1
2016-02-25,1.6860008239746094,1
2016-02-26,0.582000732421875,1
2016-02-29,0.31800079345703125,1
2016-03-01,-1.1160011291503906,0
2016-03-02,0.3979988098144531,1
2016-03-03,1.4799995422363281,1
2016-03-04,1.0600013732910156,1
2016-03-07,0.8499984741210938,1
2016-03-08,-0.5379981994628906,0
2016-03-09,1.2239990234375,1
2016-03-10,-0.7080001831054688,0
2016-03-11,0.4640007019042969,1
2016-03-14,1.529998779296875,1
2016-03-15,0.63800048828125,1
2016-03-16,0.7180023193359375,1
2016-03-17,0.8899993896484375,1
2016-03-18,1.2719993591308594,1
2016-03-21,1.1160011291503906,1
2016-03-22,-0.8160018920898438,0
2016-03-23,-2.332000732421875,0
2016-03-24,1.0340003967285156,1
2016-03-28,0.5019989013671875,1
2016-03-29,-0.025997161865234375,0
2016-03-30,-0.6480026245117188,0
2016-03-31,0.5760002136230469,1
2016-04-01,1.5640029907226562,1
2016-04-04,1.8799972534179688,1
2016-04-05,1.6960029602050781,1
2016-04-06,1.9899978637695312,1
2016-04-07,-1.6440010070800781,0
2016-04-08,-1.4259986877441406,0
2016-04-11,-0.029998779296875,0
2016-04-12,-0.4200019836425781,0
2016-04-13,1.3419990539550781,1
2016-04-14,-0.53399658203125,0
2016-04-15,0.529998779296875,1
2016-04-18,-0.12599945068359375,0
2016-04-19,-1.302001953125,0
2016-04-20,0.5200004577636719,1
2016-04-21,-0.33599853515625,0
2016-04-22,1.0919990539550781,1
2016-04-25,-0.3860015869140625,0
2016-04-26,0.384002685546875,1
2016-04-27,-0.45400238037109375,0
2016-04-28,-0.7519989013671875,0
2016-04-29,-1.3899993896484375,0
2016-05-02,0.20800018310546875,1
2016-05-03,-1.8959999084472656,0
2016-05-04,-1.9519996643066406,0
2016-05-05,-2.2060012817382812,0
2016-05-06,0.6800003051757812,1
2016-05-09,-1.2019996643066406,0
2016-05-10,-0.046001434326171875,0
2016-05-11,0.0540008544921875,1
2016-05-12,-0.33599853515625,0
2016-05-13,0.06599807739257812,1
2016-05-16,0.1360015869140625,1
2016-05-17,-0.7260017395019531,0
2016-05-18,1.302001953125,1
2016-05-19,0.8079986572265625,1
2016-05-20,1.0139999389648438,1
2016-05-23,-0.8120002746582031,0
2016-05-24,0.3380012512207031,1
2016-05-25,0.3339996337890625,1
2016-05-26,1.1079978942871094,1
2016-05-27,-0.4159965515136719,0
2016-05-31,0.037998199462890625,1
2016-06-01,-0.7340011596679688,0
2016-06-02,-0.11999893188476562,0
2016-06-03,0.006000518798828125,1
2016-06-06,0.3380012512207031,1
2016-06-07,2.3319969177246094,1
2016-06-08,0.6360015869140625,1
2016-06-09,-1.2319984436035156,0
2016-06-10,-2.114002227783203,0
2016-06-13,-0.18399810791015625,0
2016-06-14,-0.582000732421875,0
2016-06-15,0.5480003356933594,1
2016-06-16,0.04599761962890625,1
2016-06-17,-0.49199676513671875,0
2016-06-20,0.8459968566894531,1
2016-06-21,-0.01799774169921875,0
2016-06-22,-4.590000152587891,0
2016-06-23,-0.052001953125,0
2016-06-24,-0.6499977111816406,0
2016-06-27,1.0799980163574219,1
2016-06-28,0.6480026245117188,1
2016-06-29,1.6799964904785156,1
2016-06-30,0.4180030822753906,1
2016-07-01,0.8439979553222656,1
2016-07-05,-0.503997802734375,0
2016-07-06,0.09199905395507812,1
2016-07-07,0.2999992370605469,1
2016-07-08,0.167999267578125,1
2016-07-11,1.6000022888183594,1
2016-07-12,-0.0260009765625,0
2016-07-13,-0.4239997863769531,0
2016-07-14,-0.20000076293945312,0
2016-07-15,-0.2259979248046875,0
2016-07-18,1.1699981689453125,1
2016-07-19,-0.19800186157226562,0
2016-07-20,0.6200027465820312,1
2016-07-21,-1.5720024108886719,0
2016-07-22,0.3540000915527344,1
2016-07-25,1.5480003356933594,1
2016-07-26,-0.09999847412109375,0
2016-07-27,-0.20399856567382812,0
2016-07-28,0.4239997863769531,1
2016-07-29,0.83599853515625,1
2016-08-01,-0.9560012817382812,0
2016-08-02,-0.5620002746582031,0
2016-08-03,-0.2819976806640625,0
2016-08-04,0.9640007019042969,1
2016-08-05,-0.11600112915039062,0
2016-08-08,-0.7740020751953125,0
2016-08-09,0.5840034484863281,1
2016-08-10,-0.6860008239746094,0
2016-08-11,-0.14800262451171875,0
2016-08-12,0.14000320434570312,1
2016-08-15,-0.004001617431640625,0
2016-08-16,-0.3959999084472656,0
2016-08-17,-0.07400131225585938,0
2016-08-18,0.0540008544921875,1
2016-08-19,0.2980003356933594,1
2016-08-22,-0.41400146484375,0
2016-08-23,0.3819999694824219,1
2016-08-24,-0.444000244140625,0
2016-08-25,-0.3319969177246094,0
2016-08-26,-0.194000244140625,0
2016-08-29,-0.9580001831054688,0
2016-08-30,-0.7719993591308594,0
2016-08-31,0.13399887084960938,1
2016-09-01,-2.2480010986328125,0
2016-09-02,-0.5979995727539062,0
2016-09-06,1.0100021362304688,1
2016-09-07,-0.22400283813476562,0
2016-09-08,-0.8699989318847656,0
2016-09-09,-0.5779991149902344,0
2016-09-12,0.7659988403320312,1
2016-09-13,-0.4500007629394531,0
2016-09-14,0.07200241088867188,1
2016-09-15,0.8019981384277344,1
2016-09-16,0.996002197265625,1
2016-09-19,0.18799972534179688,1
2016-09-20,-0.3400001525878906,0
2016-09-21,0.115997314453125,1
2016-09-22,0.24200057983398438,1
2016-09-23,0.20400238037109375,1
2016-09-26,0.3079986572265625,1
2016-09-27,-0.6360015869140625,0
2016-09-28,0.09200286865234375,1
2016-09-29,-1.1140022277832031,0
2016-09-30,0.6660003662109375,1
2016-10-03,1.9340019226074219,1
2016-10-04,-0.45800018310546875,0
2016-10-05,-0.5900001525878906,0
2016-10-06,-1.4920005798339844,0
2016-10-07,-0.8780021667480469,0
2016-10-10,0.8680000305175781,1
2016-10-11,-0.1699981689453125,0
2016-10-12,0.2819976806640625,1
2016-10-13,-0.253997802734375,0
2016-10-14,-0.746002197265625,0
2016-10-17,-0.5099983215332031,0
2016-10-18,1.0279998779296875,1
2016-10-19,0.8920021057128906,1
2016-10-20,-0.8920021057128906,0
2016-10-21,0.19800186157226562,1
2016-10-24,0.53399658203125,1
2016-10-25,-0.0839996337890625,0
2016-10-26,-0.01999664306640625,0
2016-10-27,0.35399627685546875,1
2016-10-28,-0.8079986572265625,0
2016-10-31,-0.447998046875,0
2016-11-01,-1.38800048828125,0
2016-11-02,-0.5540008544921875,0
2016-11-03,-0.11999893188476562,0
2016-11-04,0.6279983520507812,1
2016-11-07,0.529998779296875,1
2016-11-08,0.34600067138671875,1
2016-11-09,-0.9759979248046875,0
2016-11-10,-0.9420013427734375,0
2016-11-11,0.6420021057128906,1
2016-11-14,-1.4220008850097656,0
2016-11-15,0.4640007019042969,1
2016-11-16,0.0319976806640625,1
2016-11-17,0.9459991455078125,1
2016-11-18,-0.727996826171875,0
2016-11-21,-0.10000228881835938,0
2016-11-22,1.3300018310546875,1
2016-11-23,0.3939971923828125,1
2016-11-25,0.7020034790039062,1
2016-11-28,-0.1060028076171875,0
2016-11-29,-1.30999755859375,0
2016-11-30,-0.034000396728515625,0
2016-12-01,-1.5040016174316406,0
2016-12-02,-0.082000732421875,0
2016-12-05,1.0660018920898438,1
2016-12-06,-0.19000244140625,0
2016-12-07,1.4600028991699219,1
2016-12-08,-0.17200088500976562,0
2016-12-09,-0.021999359130859375,0
2016-12-12,0.049999237060546875,1
2016-12-13,1.1440010070800781,1
2016-12-14,0.10799789428710938,1
2016-12-15,-0.2220001220703125,0
2016-12-16,0.9820022583007812,1
2016-12-19,0.048000335693359375,1
2016-12-20,1.2119979858398438,1
2016-12-21,-0.21799850463867188,0
2016-12-22,0.14999771118164062,1
2016-12-23,0.9780006408691406,1
2016-12-27,1.2379989624023438,1
2016-12-28,0.042003631591796875,1
2016-12-29,-1.0120010375976562,0
2016-12-30,-0.19800186157226562,0
2017-01-03,0.6599998474121094,1
2017-01-04,2.0,1
2017-01-05,-0.048000335693359375,0
2017-01-06,0.4519996643066406,1
2017-01-09,0.45400238037109375,1
2017-01-10,-0.2820014953613281,0
2017-01-11,-0.0279998779296875,0
2017-01-12,-0.0279998779296875,0
2017-01-13,1.6319999694824219,1
2017-01-17,-0.43399810791015625,0
2017-01-18,0.555999755859375,1
2017-01-19,1.0799980163574219,1
2017-01-20,0.194000244140625,1
2017-01-23,0.8380012512207031,1
2017-01-24,1.13800048828125,1
2017-01-25,-0.0279998779296875,0
2017-01-26,-0.3920021057128906,0
2017-01-27,0.08800125122070312,1
2017-01-30,-0.4640007019042969,0
2017-01-31,0.26000213623046875,1
2017-02-01,-0.5380020141601562,0
2017-02-02,0.4620018005371094,1
2017-02-03,-0.044002532958984375,0
2017-02-06,1.2880020141601562,1
2017-02-07,-0.058002471923828125,0
2017-02-08,0.9200019836425781,1
2017-02-09,1.4239997863769531,1
2017-02-10,0.006000518798828125,1
2017-02-13,2.273998260498047,1
2017-02-14,0.07600021362304688,1
2017-02-15,-0.24399948120117188,0
2017-02-16,-2.161998748779297,0
2017-02-17,0.6559982299804688,1
2017-02-21,1.0320014953613281,1
2017-02-22,-0.7760009765625,0
2017-02-23,-3.503997802734375,0
2017-02-24,0.20199966430664062,1
2017-02-27,-2.154003143310547,0
2017-02-28,0.7520027160644531,1
2017-03-01,0.006000518798828125,1
2017-03-02,0.09199905395507812,1
2017-03-03,0.21799850463867188,1
2017-03-06,-0.07199859619140625,0
2017-03-07,-0.5240020751953125,0
2017-03-08,-0.3439979553222656,0
2017-03-09,-0.3940010070800781,0
2017-03-10,-0.24200057983398438,0
2017-03-13,0.496002197265625,1
2017-03-14,2.365997314453125,1
2017-03-15,-0.4539985656738281,0
2017-03-16,1.2639999389648438,1
2017-03-17,-0.1100006103515625,0
2017-03-20,0.0839996337890625,1
2017-03-21,-2.247997283935547,0
2017-03-22,0.865997314453125,1
2017-03-23,-0.04599761962890625,0
2017-03-24,1.6759986877441406,1
2017-03-27,1.4119987487792969,1
2017-03-28,1.4460029602050781,1
2017-03-29,-0.01399993896484375,0
2017-03-30,0.10799789428710938,1
2017-03-31,0.07600021362304688,1
2017-04-03,4.043998718261719,1
2017-04-04,1.0360031127929688,1
2017-04-05,-1.7400016784667969,0
2017-04-06,0.7400016784667969,1
2017-04-07,0.7679977416992188,1
2017-04-10,1.970001220703125,1
2017-04-11,-0.7360000610351562,0
2017-04-12,-2.3740005493164062,0
2017-04-13,1.4319992065429688,1
2017-04-17,-0.5120010375976562,0
2017-04-18,-0.23799896240234375,0
2017-04-19,1.0540008544921875,1
2017-04-20,-0.6020011901855469,0
2017-04-21,0.6180000305175781,1
2017-04-24,0.48600006103515625,1
2017-04-25,1.1520004272460938,1
2017-04-26,-0.7239990234375,0
2017-04-27,-0.3079986572265625,0
2017-04-28,1.0879974365234375,1
2017-05-01,1.7520027160644531,1
2017-05-02,-0.7880020141601562,0
2017-05-03,-1.5740013122558594,0
2017-05-04,-3.11199951171875,0
2017-05-05,2.5779991149902344,1
2017-05-08,-0.23199844360351562,0
2017-05-09,2.8139991760253906,1
2017-05-10,0.7919998168945312,1
2017-05-11,-0.4239959716796875,0
2017-05-12,0.3419952392578125,1
2017-05-15,-1.7859992980957031,0
2017-05-16,0.22600173950195312,1
2017-05-17,-2.1800003051757812,0
2017-05-18,1.3899993896484375,1
2017-05-19,-0.4459991455078125,0
2017-05-22,-0.09600067138671875,0
2017-05-23,-1.2980003356933594,0
2017-05-24,1.2719993591308594,1
2017-05-25,1.3220024108886719,1
2017-05-26,1.6619987487792969,1
2017-05-30,1.9919967651367188,1
2017-05-31,1.1820068359375,1
2017-06-01,-0.1280059814453125,0
2017-06-02,-0.10399627685546875,0
2017-06-05,1.4939956665039062,1
2017-06-06,1.1060028076171875,1
2017-06-07,1.3600006103515625,1
2017-06-08,2.0699996948242188,1
2017-06-09,-2.5360031127929688,0
2017-06-12,0.33800506591796875,1
2017-06-13,3.38800048828125,1
2017-06-14,0.9420013427734375,1
2017-06-15,-1.0640029907226562,0
2017-06-16,-0.7880020141601562,0
2017-06-19,-0.31999969482421875,0
2017-06-20,0.48799896240234375,1
2017-06-21,0.832000732421875,1
2017-06-22,1.24200439453125,1
2017-06-23,0.167999267578125,1
2017-06-26,-1.1920013427734375,0
2017-06-27,-3.0240020751953125,0
2017-06-28,1.7740020751953125,1
2017-06-29,-2.0979995727539062,0
2017-06-30,0.1719970703125,1
2017-07-03,-1.7979965209960938,0
2017-07-05,-5.1060028076171875,0
2017-07-06,-3.6520004272460938,0
2017-07-07,0.8780021667480469,1
2017-07-10,0.5659980773925781,1
2017-07-11,2.2340011596679688,1
2017-07-12,0.45999908447265625,1
2017-07-13,-1.2220001220703125,0
2017-07-14,0.8740005493164062,1
2017-07-17,-1.641998291015625,0
2017-07-18,1.7340011596679688,1
2017-07-19,-0.5960006713867188,0
2017-07-20,0.9319992065429688,1
2017-07-21,-0.3040008544921875,0
2017-07-24,2.8239974975585938,1
2017-07-25,-0.5839996337890625,0
2017-07-26,0.8499984741210938,1
2017-07-27,-1.8779983520507812,0
2017-07-28,0.12200164794921875,1
2017-07-31,-2.3199996948242188,0
2017-08-01,-0.779998779296875,0
2017-08-02,1.2639999389648438,1
2017-08-03,4.239997863769531,1
2017-08-04,1.9640045166015625,1
2017-08-07,-0.3480072021484375,0
2017-08-08,2.0100021362304688,1
2017-08-09,-0.3379974365234375,0
2017-08-10,-1.6259994506835938,0
2017-08-11,0.49399566650390625,1
2017-08-14,1.186004638671875,1
2017-08-15,-0.29399871826171875,0
2017-08-16,0.115997314453125,1
2017-08-17,-2.197998046875,0
2017-08-18,-0.8920059204101562,0
2017-08-21,-1.9199981689453125,0
2017-08-22,0.697998046875,1
2017-08-23,2.2840042114257812,1
2017-08-24,0.0319976806640625,1
2017-08-25,-0.9759979248046875,0
2017-08-28,-0.477996826171875,0
2017-08-29,0.339996337890625,1
2017-08-30,1.16400146484375,1
2017-08-31,0.5439987182617188,1
2017-09-01,-0.09999847412109375,0
2017-09-05,-1.1620025634765625,0
2017-09-06,-1.0120010375976562,0
2017-09-07,1.21600341796875,1
2017-09-08,-1.4420013427734375,0
2017-09-11,4.0579986572265625,1
2017-09-12,-0.18799591064453125,0
2017-09-13,0.6959991455078125,1
2017-09-14,2.2819976806640625,1
2017-09-15,0.43399810791015625,1
2017-09-18,1.0380020141601562,1
2017-09-19,-1.9800033569335938,0
2017-09-20,-0.23799896240234375,0
2017-09-21,-1.4860000610351562,0
2017-09-22,-3.0779953002929688,0
2017-09-25,-1.220001220703125,0
2017-09-26,0.052001953125,1
2017-09-27,-0.8560028076171875,0
2017-09-28,-0.2740020751953125,0
2017-09-29,0.3000030517578125,1
2017-10-02,0.08599853515625,1
2017-10-03,1.3219985961914062,1
2017-10-04,1.3740005493164062,1
2017-10-05,0.06400299072265625,1
2017-10-06,0.30999755859375,1
2017-10-09,-2.7880020141601562,0
2017-10-10,2.529998779296875,1
2017-10-11,-0.197998046875,0
2017-10-12,0.21600341796875,1
2017-10-13,-0.022003173828125,0
2017-10-16,-0.9939956665039062,0
2017-10-17,1.029998779296875,1
2017-10-18,0.779998779296875,1
2017-10-19,-1.5680007934570312,0
2017-10-20,-1.3420028686523438,0
2017-10-23,-1.615997314453125,0
2017-10-24,0.06400299072265625,1
2017-10-25,-2.3000030517578125,0
2017-10-26,0.06600189208984375,1
2017-10-27,-1.05999755859375,0
2017-10-30,-0.1580047607421875,0
2017-10-31,2.2900009155273438,1
2017-11-01,-2.089996337890625,0
2017-11-02,-4.364002227783203,0
2017-11-03,1.365997314453125,1
2017-11-06,-0.6619987487792969,0
2017-11-07,0.6539993286132812,1
2017-11-08,-0.332000732421875,0
2017-11-09,-0.279998779296875,0
2017-11-10,0.0,0
2017-11-13,2.4820022583007812,1
2017-11-14,-1.3400001525878906,0
2017-11-15,0.5199966430664062,1
2017-11-16,0.24000167846679688,1
2017-11-17,0.5099983215332031,1
2017-11-20,-1.2619972229003906,0
2017-11-21,1.8139991760253906,1
2017-11-22,-1.0419998168945312,0
2017-11-24,0.5900001525878906,1
2017-11-27,0.2519989013671875,1
2017-11-28,0.14799880981445312,1
2017-11-29,-2.0019989013671875,0
2017-11-30,0.26200103759765625,1
2017-12-01,-0.4640007019042969,0
2017-12-04,-0.26599884033203125,0
2017-12-05,-0.2999992370605469,0
2017-12-06,1.9119987487792969,1
2017-12-07,-0.40399932861328125,0
2017-12-08,0.7779998779296875,1
2017-12-11,2.7559967041015625,1
2017-12-12,2.4240036010742188,1
2017-12-13,-0.40000152587890625,0
2017-12-14,-0.227996826171875,0
2017-12-15,1.11199951171875,1
2017-12-18,-0.9160003662109375,0
2017-12-19,-1.5540008544921875,0
2017-12-20,-0.42400360107421875,0
2017-12-21,0.5360031127929688,1
2017-12-22,-1.2919998168945312,0
2017-12-26,-1.582000732421875,0
2017-12-27,-1.1300010681152344,0
2017-12-28,0.7439994812011719,1
2017-12-29,-0.8019981384277344,0
2018-01-02,1.8360023498535156,1
2018-01-03,-0.6560020446777344,0
2018-01-04,-0.5260009765625,0
2018-01-05,0.3920021057128906,1
2018-01-08,3.9659957885742188,1
2018-01-09,-0.5439987182617188,0
2018-01-10,0.2220001220703125,1
2018-01-11,0.6299972534179688,1
2018-01-12,-0.3459930419921875,0
2018-01-16,0.7679977416992188,1
2018-01-17,1.4199981689453125,1
2018-01-18,-0.5179977416992188,0
2018-01-19,1.089996337890625,1
2018-01-22,0.3079986572265625,1
2018-01-23,0.246002197265625,1
2018-01-24,-1.3799972534179688,0
2018-01-25,-1.6500015258789062,0
2018-01-26,1.0419998168945312,1
2018-01-29,1.33599853515625,1
2018-01-30,-0.7419967651367188,0
2018-01-31,1.697998046875,1
2018-02-01,-1.0120010375976562,0
2018-02-02,-1.0999984741210938,0
2018-02-05,-2.1240005493164062,0
2018-02-06,0.167999267578125,1
2018-02-07,2.2060012817382812,1
2018-02-08,-5.953998565673828,0
2018-02-09,-0.9620018005371094,0
2018-02-12,1.0620002746582031,1
2018-02-13,1.5860023498535156,1
2018-02-14,-0.2700042724609375,0
2018-02-15,2.3520050048828125,1
2018-02-16,0.28399658203125,1
2018-02-20,-0.1439971923828125,0
2018-02-21,-0.29399871826171875,0
2018-02-22,2.5739974975585938,1
2018-02-23,1.1760025024414062,1
2018-02-26,1.0739974975585938,1
2018-02-27,-1.2860031127929688,0
2018-02-28,-1.58599853515625,0
2018-03-01,-2.4260025024414062,0
2018-03-02,0.8380050659179688,1
2018-03-05,-0.35400390625,0
2018-03-06,-1.029998779296875,0
2018-03-07,0.8199996948242188,1
2018-03-08,-0.6399993896484375,0
2018-03-09,-0.3860015869140625,0
2018-03-12,3.667999267578125,1
2018-03-13,-0.7340011596679688,0
2018-03-14,-3.0419998168945312,0
2018-03-15,-0.20599365234375,0
2018-03-16,-0.850006103515625,0
2018-03-19,-1.5579948425292969,0
2018-03-20,-0.6020011901855469,0
2018-03-21,1.1959991455078125,1
2018-03-22,-1.4860000610351562,0
2018-03-23,-1.5120010375976562,0
2018-03-26,0.5279998779296875,1
2018-03-27,-5.0,0
2018-03-28,-4.279998779296875,0
2018-03-29,1.6700019836425781,1
2018-04-02,-2.7300033569335938,0
2018-04-03,3.0100021362304688,1
2018-04-04,3.881999969482422,1
2018-04-05,3.756000518798828,1
2018-04-06,-1.2840003967285156,0
2018-04-09,-1.9280014038085938,0
2018-04-10,3.0079994201660156,1
2018-04-11,-0.753997802734375,0
2018-04-12,-1.3699989318847656,0
2018-04-13,1.2519989013671875,1
2018-04-16,-1.8260002136230469,0
2018-04-17,-0.7040023803710938,0
2018-04-18,1.1319999694824219,1
2018-04-19,1.3460006713867188,1
2018-04-20,-1.9679985046386719,0
2018-04-23,-1.3740005493164062,0
2018-04-24,0.018001556396484375,1
2018-04-25,-0.5540008544921875,0
2018-04-26,0.9580001831054688,1
2018-04-27,1.720001220703125,1
2018-04-30,-0.03600311279296875,0
2018-05-01,1.2040023803710938,1
2018-05-02,0.24599838256835938,1
2018-05-03,-3.3400001525878906,0
2018-05-04,1.9280014038085938,1
2018-05-07,1.7360000610351562,1
2018-05-08,-0.15999984741210938,0
2018-05-09,0.9759979248046875,1
2018-05-10,-0.365997314453125,0
2018-05-11,-0.7919998168945312,0
2018-05-14,-1.8180007934570312,0
2018-05-15,-1.5580024719238281,0
2018-05-16,0.4600028991699219,1
2018-05-17,-0.38800048828125,0
2018-05-18,-1.5440025329589844,0
2018-05-21,1.5340003967285156,1
2018-05-22,-1.8959999084472656,0
2018-05-23,0.8120002746582031,1
2018-05-24,-0.24399948120117188,0
2018-05-25,0.20000076293945312,1
2018-05-29,0.9819984436035156,1
2018-05-30,1.5920028686523438,1
2018-05-31,-1.3980026245117188,0
2018-06-01,1.417999267578125,1
2018-06-04,0.9840011596679688,1
2018-06-05,-1.1219978332519531,0
2018-06-06,5.673999786376953,1
2018-06-07,-0.6820030212402344,0
2018-06-08,0.31400299072265625,1
2018-06-11,2.8879966735839844,1
2018-06-12,2.134002685546875,1
2018-06-13,0.40200042724609375,1
2018-06-14,2.5879974365234375,1
2018-06-15,0.09000396728515625,1
2018-06-18,2.5319976806640625,1
2018-06-19,-3.6559982299804688,0
2018-06-20,1.9339981079101562,1
2018-06-21,-2.9420013427734375,0
2018-06-22,-2.7760009765625,0
2018-06-25,-0.12400054931640625,0
2018-06-26,1.798004150390625,1
2018-06-27,0.5,1
2018-06-28,1.08599853515625,1
2018-06-29,-1.3960037231445312,0
2018-07-02,-1.5759963989257812,0
2018-07-03,-4.841999053955078,0
2018-07-05,-0.3400001525878906,0
2018-07-06,-0.052001953125,0
2018-07-09,1.9220008850097656,1
2018-07-10,0.7920036315917969,1
2018-07-11,-0.7020034790039062,0
2018-07-12,-0.4500007629394531,0
2018-07-13,0.43199920654296875,1
2018-07-16,-1.753997802734375,0
2018-07-17,2.5180015563964844,1
2018-07-18,0.23199462890625,1
2018-07-19,-0.7239990234375,0
2018-07-20,-1.3299980163574219,0
2018-07-23,-2.076000213623047,0
2018-07-24,-1.1539993286132812,0
2018-07-25,2.2620010375976562,1
2018-07-26,-0.417999267578125,0
2018-07-27,-1.8940010070800781,0
2018-07-30,-1.4020004272460938,0
2018-07-31,1.5939979553222656,1
2018-08-01,0.5400009155273438,1
2018-08-02,9.739997863769531,1
2018-08-03,-0.27399444580078125,0
2018-08-06,-1.2360000610351562,0
2018-08-07,7.515998840332031,1
2018-08-08,-1.8460006713867188,0
2018-08-09,-3.5780029296875,0
2018-08-10,0.608001708984375,1
2018-08-13,0.18399810791015625,1
2018-08-14,-1.753997802734375,0
2018-08-15,-1.7900009155273438,0
2018-08-16,-0.6480026245117188,0
2018-08-17,-5.989997863769531,0
2018-08-20,0.5880012512207031,1
2018-08-21,2.691997528076172,1
2018-08-22,-0.05199432373046875,0
2018-08-23,-0.30800628662109375,0
2018-08-24,0.54400634765625,1
2018-08-27,-0.7100028991699219,0
2018-08-28,-1.4819984436035156,0
2018-08-29,-1.3700027465820312,0
2018-08-30,-0.3719978332519531,0
2018-08-31,-0.2980003356933594,0
2018-09-04,-2.5419998168945312,0
2018-09-05,-1.6420021057128906,0
2018-09-06,0.04199981689453125,1
2018-09-07,-3.5419998168945312,0
2018-09-10,4.451999664306641,1
2018-09-11,-1.2119979858398438,0
2018-09-12,2.220001220703125,1
2018-09-13,-0.21600341796875,0
2018-09-14,1.1480026245117188,1
2018-09-17,-0.07200241088867188,0
2018-09-18,-1.9759979248046875,0
2018-09-19,2.812000274658203,1
2018-09-20,-0.13800048828125,0
2018-09-21,0.15399932861328125,1
2018-09-24,0.11600112915039062,1
2018-09-25,0.26200103759765625,1
2018-09-26,1.7179985046386719,1
2018-09-27,-0.4119987487792969,0
2018-09-28,-8.550003051757812,0
2018-10-01,9.18600082397461,1
2018-10-02,-1.9360008239746094,0
2018-10-03,-1.2439994812011719,0
2018-10-04,-2.5939979553222656,0
2018-10-05,-3.976001739501953,0
2018-10-08,-2.2779998779296875,0
2018-10-09,2.4480018615722656,1
2018-10-10,-1.1840019226074219,0
2018-10-11,-0.9300003051757812,0
2018-10-12,1.3100013732910156,1
2018-10-15,0.16199874877929688,1
2018-10-16,3.4000015258789062,1
2018-10-17,-0.9620018005371094,0
2018-10-18,-1.5739974975585938,0
2018-10-19,-0.7820014953613281,0
2018-10-22,0.18999862670898438,1
2018-10-23,6.63800048828125,1
2018-10-24,-1.1279983520507812,0
2018-10-25,5.271999359130859,1
2018-10-26,3.2080001831054688,1
2018-10-29,0.7900009155273438,1
2018-10-30,-0.9899978637695312,0
2018-10-31,1.4839935302734375,1
2018-11-01,1.3920059204101562,1
2018-11-02,0.425994873046875,1
2018-11-05,-1.0019989013671875,0
2018-11-06,-0.06800079345703125,0
2018-11-07,1.4200057983398438,1
2018-11-08,0.6479949951171875,1
2018-11-09,-0.17800140380859375,0
2018-11-12,-3.8460006713867188,0
2018-11-13,1.4900054931640625,1
2018-11-14,1.0540008544921875,1
2018-11-15,0.88800048828125,1
2018-11-16,1.1739959716796875,1
2018-11-19,-0.167999267578125,0
2018-11-20,-1.1959991455078125,0
2018-11-21,-1.8600006103515625,0
2018-11-23,-2.4720001220703125,0
2018-11-26,4.03399658203125,1
2018-11-27,-0.4160003662109375,0
2018-11-28,0.7900009155273438,1
2018-11-29,-1.339996337890625,0
2018-11-30,1.86199951171875,1
2018-12-03,1.6019973754882812,1
2018-12-04,0.24200439453125,1
2018-12-06,0.6719970703125,1
2018-12-07,-1.0179977416992188,0
2018-12-10,1.4359970092773438,1
2018-12-11,0.32199859619140625,1
2018-12-12,-0.0319976806640625,0
2018-12-13,2.0380020141601562,1
2018-12-14,-2.21600341796875,0
2018-12-17,-3.4580001831054688,0
2018-12-18,-2.2779998779296875,0
2018-12-19,-0.8119964599609375,0
2018-12-20,-3.5180015563964844,0
2018-12-21,0.8779983520507812,1
2018-12-24,-4.875999450683594,0
2018-12-26,6.140003204345703,1
2018-12-27,-1.9920005798339844,0
2018-12-28,3.5480003356933594,1
2018-12-31,-0.2140045166015625,0
2019-01-02,-4.535999298095703,0
2019-01-03,-1.9519996643066406,0
2019-01-04,3.4659996032714844,1
2019-01-07,3.453998565673828,1
2019-01-08,0.0780029296875,1
2019-01-09,0.6360015869140625,1
2019-01-10,1.2880020141601562,1
2019-01-11,0.45800018310546875,1
2019-01-14,-2.5720062255859375,0
2019-01-15,2.0060043334960938,1
2019-01-16,0.32399749755859375,1
2019-01-17,0.2519989013671875,1
2019-01-18,-9.009998321533203,0
2019-01-22,-0.667999267578125,0
2019-01-23,-2.2659988403320312,0
2019-01-24,0.78399658203125,1
2019-01-25,1.1060028076171875,1
2019-01-28,-0.13199996948242188,0
2019-01-29,0.21599960327148438,1
2019-01-30,2.2620010375976562,1
2019-01-31,-0.3500022888183594,0
2019-02-01,1.0380020141601562,1
2019-02-04,0.13599777221679688,1
2019-02-05,1.6919975280761719,1
2019-02-06,-0.8259963989257812,0
2019-02-07,-1.9420013427734375,0
2019-02-08,-0.3419990539550781,0
2019-02-11,1.4080009460449219,1
2019-02-12,-0.20600128173828125,0
2019-02-13,-0.7280006408691406,0
2019-02-14,-0.8799972534179688,0
2019-02-15,0.8219985961914062,1
2019-02-19,-0.4480018615722656,0
2019-02-20,-0.615997314453125,0
2019-02-21,-2.266002655029297,0
2019-02-22,0.6960029602050781,1
2019-02-25,0.8120002746582031,1
2019-02-26,-0.18200302124023438,0
2019-02-27,3.3760032653808594,1
2019-02-28,1.0279998779296875,1
2019-03-01,-5.018001556396484,0
2019-03-04,-1.8860015869140625,0
2019-03-05,-1.7639999389648438,0
2019-03-06,-0.05999755859375,0
2019-03-07,0.06999969482421875,1
2019-03-08,1.5099983215332031,1
2019-03-11,1.3559989929199219,1
2019-03-12,-1.5119972229003906,0
2019-03-13,1.1199989318847656,1
2019-03-14,0.20000076293945312,1
2019-03-15,-2.9060020446777344,0
2019-03-18,-1.1879997253417969,0
2019-03-19,-0.40399932861328125,0
2019-03-20,1.2260017395019531,1
2019-03-21,0.0839996337890625,1
2019-03-22,-1.8980026245117188,0
2019-03-25,-0.8219985961914062,0
2019-03-26,1.470001220703125,1
2019-03-27,1.4119987487792969,1
2019-03-28,0.7579994201660156,1
2019-03-29,0.2480010986328125,1
2019-04-01,1.8639984130859375,1
2019-04-02,-0.6599998474121094,0
2019-04-03,1.1860008239746094,1
2019-04-04,-4.805999755859375,0
2019-04-05,1.4360008239746094,1
2019-04-08,-0.3520011901855469,0
2019-04-09,-0.17799758911132812,0
2019-04-10,0.75,1
2019-04-11,-1.5280036926269531,0
2019-04-12,-0.1439971923828125,0
2019-04-15,-0.26399993896484375,0
2019-04-16,1.3959999084472656,1
2019-04-17,-0.42600250244140625,0
2019-04-18,0.4060020446777344,1
2019-04-22,-2.102001190185547,0
2019-04-23,0.22999954223632812,1
2019-04-24,-1.0480003356933594,0
2019-04-25,-2.2059974670410156,0
2019-04-26,-2.4980010986328125,0
2019-04-29,1.2659988403320312,1
2019-04-30,-0.555999755859375,0
2019-05-01,-0.9360008239746094,0
2019-05-02,2.0180015563964844,1
2019-05-03,2.1860008239746094,1
2019-05-06,0.062000274658203125,1
2019-05-07,-1.6560020446777344,0
2019-05-08,-0.444000244140625,0
2019-05-09,-0.5719985961914062,0
2019-05-10,-0.4920005798339844,0
2019-05-13,-2.5019989013671875,0
2019-05-14,1.0600013732910156,1
2019-05-15,-0.07200241088867188,0
2019-05-16,-0.7239990234375,0
2019-05-17,-3.4599990844726562,0
2019-05-20,-1.134002685546875,0
2019-05-21,-0.055999755859375,0
2019-05-22,-2.4699974060058594,0
2019-05-23,0.5519981384277344,1
2019-05-24,-0.9720001220703125,0
2019-05-28,-0.3859977722167969,0
2019-05-29,0.23199844360351562,1
2019-05-30,-0.3279991149902344,0
2019-05-31,-0.61199951171875,0
2019-06-03,-1.2380027770996094,0
2019-06-04,2.9260025024414062,1
2019-06-05,0.5979995727539062,1
2019-06-06,1.8719978332519531,1
2019-06-07,-0.2899971008300781,0
2019-06-10,1.6759986877441406,1
2019-06-11,0.8439979553222656,1
2019-06-12,-1.5679969787597656,0
2019-06-13,0.9300003051757812,1
2019-06-14,0.20199966430664062,1
2019-06-17,2.0219993591308594,1
2019-06-18,-0.0579986572265625,0
2019-06-19,0.3379974365234375,1
2019-06-20,-1.36199951171875,0
2019-06-21,0.4480018615722656,1
2019-06-24,0.3559989929199219,1
2019-06-25,-0.7760009765625,0
2019-06-26,-0.09799957275390625,0
2019-06-27,0.7140007019042969,1
2019-06-28,0.12400054931640625,1
2019-07-01,0.7419967651367188,1
2019-07-02,-0.5239982604980469,0
2019-07-03,2.0699996948242188,1
2019-07-05,-0.3600006103515625,0
2019-07-08,-0.5519981384277344,0
2019-07-09,-0.055999755859375,0
2019-07-10,1.7719993591308594,1
2019-07-11,-0.06399917602539062,0
2019-07-12,1.2959976196289062,1
2019-07-15,1.6840019226074219,1
2019-07-16,-0.2239990234375,0
2019-07-17,0.4959983825683594,1
2019-07-18,-0.26399993896484375,0
2019-07-19,0.9280014038085938,1
2019-07-22,-0.5,0
2019-07-23,0.8979988098144531,1
2019-07-24,0.9420013427734375,1
2019-07-25,-7.212001800537109,0
2019-07-26,-0.15599822998046875,0
2019-07-29,1.5459976196289062,1
2019-07-30,1.2980003356933594,1
2019-07-31,-0.13000106811523438,0
2019-08-01,-1.5519981384277344,0
2019-08-02,0.09799957275390625,1
2019-08-05,-1.2039985656738281,0
2019-08-06,0.48600006103515625,1
2019-08-07,0.53399658203125,1
2019-08-08,0.9760017395019531,1
2019-08-09,-0.6580009460449219,0
2019-08-12,-1.2000007629394531,0
2019-08-13,1.1980018615722656,1
2019-08-14,-3.076000213623047,0
2019-08-15,-0.7960014343261719,0
2019-08-16,0.8600006103515625,1
2019-08-19,1.3780021667480469,1
2019-08-20,-0.194000244140625,0
2019-08-21,-1.0060005187988281,0
2019-08-22,0.26399993896484375,1
2019-08-23,-2.1500015258789062,0
2019-08-26,0.720001220703125,1
2019-08-27,-0.18399810791015625,0
2019-08-28,0.3019981384277344,1
2019-08-29,1.2239990234375,1
2019-08-30,0.7800025939941406,1
2019-09-03,-0.12000274658203125,0
2019-09-04,-0.865997314453125,0
2019-09-05,1.779998779296875,1
2019-09-06,-0.4259986877441406,0
2019-09-09,0.8680000305175781,1
2019-09-10,0.75,1
2019-09-11,2.3119964599609375,1
2019-09-12,-0.24599838256835938,0
2019-09-13,-0.13399887084960938,0
2019-09-16,-0.4780006408691406,0
2019-09-17,0.3959999084472656,1
2019-09-18,-0.2599983215332031,0
2019-09-19,0.6219978332519531,1
2019-09-20,-1.1959991455078125,0
2019-09-23,0.12199783325195312,1
2019-09-24,-3.6040000915527344,0
2019-09-25,1.0980033874511719,1
2019-09-26,2.7719993591308594,1
2019-09-27,-0.08600234985351562,0
2019-09-30,-0.2519989013671875,0
2019-10-01,0.7639999389648438,1
2019-10-02,-0.3120002746582031,0
2019-10-03,-2.020000457763672,0
2019-10-04,-0.31999969482421875,0
2019-10-07,1.2579994201660156,1
2019-10-08,0.4659996032714844,1
2019-10-09,0.8959999084472656,1
2019-10-10,0.042003631591796875,1
2019-10-11,0.6299972534179688,1
2019-10-14,1.8139991760253906,1
2019-10-15,0.18600082397460938,1
2019-10-16,0.37200164794921875,1
2019-10-17,0.444000244140625,1
2019-10-18,-1.0040016174316406,0
2019-10-21,-0.6899986267089844,0
2019-10-22,0.4160003662109375,1
2019-10-23,-0.18000030517578125,0
2019-10-24,9.0,1
2019-10-25,5.689998626708984,1
2019-10-28,-0.0839996337890625,0
2019-10-29,-2.2980003356933594,0
2019-10-30,-0.24200057983398438,0
2019-10-31,-0.01799774169921875,0
2019-11-01,-0.3220024108886719,0
2019-11-04,0.832000732421875,1
2019-11-05,-0.049999237060546875,0
2019-11-06,1.8720016479492188,1
2019-11-07,1.7919998168945312,1
2019-11-08,0.31999969482421875,1
2019-11-11,1.589996337890625,1
2019-11-12,0.9680023193359375,1
2019-11-13,-0.7639999389648438,0
2019-11-14,0.6480026245117188,1
2019-11-15,0.563995361328125,1
2019-11-18,-0.43599700927734375,0
2019-11-19,1.9059982299804688,1
2019-11-20,-1.4599990844726562,0
2019-11-21,0.522003173828125,1
2019-11-22,-4.358001708984375,0
2019-11-25,0.6599960327148438,1
2019-11-26,-1.4840011596679688,0
2019-11-27,0.47400665283203125,1
2019-11-29,-0.2700042724609375,0
2019-12-02,0.9860000610351562,1
2019-12-03,0.26599884033203125,1
2019-12-04,-0.6339950561523438,0
2019-12-05,-0.5320053100585938,0
2019-12-06,1.10400390625,1
2019-12-09,0.727996826171875,1
2019-12-10,1.86199951171875,1
2019-12-11,0.772003173828125,1
2019-12-12,1.39599609375,1
2019-12-13,-0.25799560546875,0
2019-12-16,4.622001647949219,1
2019-12-17,-0.5020065307617188,0
2019-12-18,2.832000732421875,1
2019-12-19,2.1780014038085938,1
2019-12-20,0.30999755859375,1
2019-12-23,2.7260055541992188,1
2019-12-24,1.2060012817382812,1
2019-12-26,1.13800048828125,1
2019-12-27,-0.11200714111328125,0
2019-12-30,-3.1359939575195312,0
2019-12-31,0.7259979248046875,1
2020-01-02,2.3860015869140625,1
2020-01-03,2.5499954223632812,1
2020-01-06,1.7060012817382812,1
2020-01-07,3.503997802734375,1
2020-01-08,4.616004943847656,1
2020-01-09,-2.160003662109375,0
2020-01-10,-0.63800048828125,0
2020-01-13,9.342002868652344,1
2020-01-14,2.61199951171875,1
2020-01-15,-3.884002685546875,0
2020-01-16,-1.0019989013671875,0
2020-01-17,-0.5979995727539062,0
2020-01-21,7.340003967285156,1
2020-01-22,4.4720001220703125,1
2020-01-23,0.5279998779296875,1
2020-01-24,-1.4760055541992188,0
2020-01-27,-1.3600006103515625,0
2020-01-28,1.7760009765625,1
2020-01-29,2.8180007934570312,1
2020-01-30,11.964004516601562,1
2020-01-31,1.951995849609375,1
2020-02-03,25.886001586914062,1
2020-02-04,21.412002563476562,1
2020-02-05,-30.472000122070312,0
2020-02-06,2.8520050048828125,1
2020-02-07,-0.178009033203125,0
2020-02-10,4.641998291015625,1
2020-02-11,0.6200103759765625,1
2020-02-12,-1.4180145263671875,0
2020-02-13,7.342010498046875,1
2020-02-14,-0.79400634765625,0
2020-02-18,11.673995971679688,1
2020-02-19,11.804000854492188,1
2020-02-20,-3.60198974609375,0
2020-02-21,0.3179931640625,1
2020-02-24,-13.442001342773438,0
2020-02-25,-6.7760009765625,0
2020-02-26,-4.2220001220703125,0
2020-02-27,-19.959991455078125,0
2020-02-28,-2.201995849609375,0
2020-03-02,15.125991821289062,1
2020-03-03,0.3780059814453125,1
2020-03-04,0.7979888916015625,1
2020-03-05,-4.9919891357421875,0
2020-03-06,-4.212005615234375,0
2020-03-09,-19.09600067138672,0
2020-03-10,7.465995788574219,1
2020-03-11,-2.2199935913085938,0
2020-03-12,-14.736000061035156,0
2020-03-13,-2.7860031127929688,0
2020-03-16,-20.30999755859375,0
2020-03-17,-2.9739990234375,0
2020-03-18,-13.795997619628906,0
2020-03-19,13.28399658203125,1
2020-03-20,-0.022003173828125,0
2020-03-23,1.3520050048828125,1
2020-03-24,14.141998291015625,1
2020-03-25,6.849998474121094,1
2020-03-26,-2.2179946899414062,0
2020-03-27,-2.7600021362304688,0
2020-03-30,-2.4459991455078125,0
2020-03-31,4.374000549316406,1
2020-04-01,-8.488006591796875,0
2020-04-02,-5.417999267578125,0
2020-04-03,5.108001708984375,1
2020-04-06,7.246002197265625,1
2020-04-07,5.8419952392578125,1
2020-04-08,0.6780014038085938,1
2020-04-09,4.832000732421875,1
2020-04-13,15.590003967285156,1
2020-04-14,11.787994384765625,1
2020-04-15,3.988006591796875,1
2020-04-16,3.0760040283203125,1
2020-04-17,1.735992431640625,1
2020-04-20,-1.5059967041015625,0
2020-04-21,-11.928009033203125,0
2020-04-22,9.0780029296875,1
2020-04-23,-5.295989990234375,0
2020-04-24,3.90399169921875,1
2020-04-27,14.720001220703125,1
2020-04-28,-5.925994873046875,0
2020-04-29,6.2779998779296875,1
2020-04-30,-3.7259979248046875,0
2020-05-01,-16.11199951171875,0
2020-05-04,11.9739990234375,1
2020-05-05,1.40399169921875,1
2020-05-06,2.8740081787109375,1
2020-05-07,-0.5080108642578125,0
2020-05-08,7.876007080078125,1
2020-05-11,-1.626007080078125,0
2020-05-12,-0.3759918212890625,0
2020-05-13,-3.69000244140625,0
2020-05-14,2.4739990234375,1
2020-05-15,-0.832000732421875,0
2020-05-18,2.891998291015625,1
2020-05-19,-1.123992919921875,0
2020-05-20,1.5099945068359375,1
2020-05-21,2.4080047607421875,1
2020-05-22,-2.1439971923828125,0
2020-05-26,0.3979949951171875,1
2020-05-27,0.272003173828125,1
2020-05-28,-2.884002685546875,0
2020-05-29,5.8379974365234375,1
2020-06-01,12.6199951171875,1
2020-06-02,-3.3079986572265625,0
2020-06-03,0.279998779296875,1
2020-06-04,-3.7159881591796875,0
2020-06-05,4.2559967041015625,1
2020-06-08,12.85198974609375,1
2020-06-09,-1.8499908447265625,0
2020-06-10,16.875991821289062,1
2020-06-11,-10.442001342773438,0
2020-06-12,-7.511993408203125,0
2020-06-15,11.123992919921875,1
2020-06-16,-1.753997802734375,0
2020-06-17,1.9320068359375,1
2020-06-18,2.4340057373046875,1
2020-06-19,-0.6120147705078125,0
2020-06-22,-1.3159942626953125,0
2020-06-23,1.49200439453125,1
2020-06-24,-8.186004638671875,0
2020-06-25,5.0260009765625,1
2020-06-26,-5.2480010986328125,0
2020-06-29,9.9219970703125,1
2020-06-30,14.092010498046875,1
2020-07-01,7.9639892578125,1
2020-07-02,17.805999755859375,1
2020-07-06,32.584014892578125,1
2020-07-07,3.655975341796875,1
2020-07-08,-4.795989990234375,0
2020-07-09,5.67999267578125,1
2020-07-10,30.074005126953125,1
2020-07-13,-9.51800537109375,0
2020-07-14,3.947998046875,1
2020-07-15,5.842010498046875,1
2020-07-16,-9.074005126953125,0
2020-07-17,0.040008544921875,1
2020-07-20,28.4320068359375,1
2020-07-21,-14.928009033203125,0
2020-07-22,4.79400634765625,1
2020-07-23,-15.85198974609375,0
2020-07-24,-19.214019775390625,0
2020-07-27,24.52001953125,1
2020-07-28,-12.62200927734375,0
2020-07-29,4.52398681640625,1
2020-07-30,-2.324005126953125,0
2020-07-31,-11.345977783203125,0
2020-08-03,10.847991943359375,1
2020-08-04,0.399993896484375,1
2020-08-05,-0.39599609375,0
2020-08-06,0.9119873046875,1
2020-08-07,-7.373992919921875,0
2020-08-10,-6.8280029296875,0
2020-08-11,-8.83599853515625,0
2020-08-12,36.074005126953125,1
2020-08-13,13.248016357421875,1
2020-08-14,5.941986083984375,1
2020-08-17,36.985992431640625,1
2020-08-18,10.290008544921875,1
2020-08-19,-1.712005615234375,0
2020-08-20,24.660003662109375,1
2020-08-21,9.6300048828125,1
2020-08-24,-7.156005859375,0
2020-08-25,1.8280029296875,1
2020-08-26,25.96600341796875,1
2020-08-27,17.115997314453125,1
2020-08-28,-5.07000732421875,0
2020-08-31,55.6400146484375,1
2020-09-01,-23.27001953125,0
2020-09-02,-27.67999267578125,0
2020-09-03,-40.3699951171875,0
2020-09-04,11.32000732421875,1
2020-09-08,-88.11001586914062,0
2020-09-09,36.07000732421875,1
2020-09-10,5.05999755859375,1
2020-09-11,1.3800048828125,1
2020-09-14,46.899993896484375,1
2020-09-15,30.1400146484375,1
2020-09-16,-8.0,0
2020-09-17,-18.33001708984375,0
2020-09-18,18.720001220703125,1
2020-09-21,7.240020751953125,1
2020-09-22,-25.160003662109375,0
2020-09-23,-43.870025634765625,0
2020-09-24,7.430023193359375,1
2020-09-25,19.54998779296875,1
2020-09-28,13.860015869140625,1
2020-09-29,-2.1300048828125,0
2020-09-30,9.94000244140625,1
2020-10-01,19.149993896484375,1
2020-10-02,-33.07000732421875,0
2020-10-05,10.589996337890625,1
2020-10-06,-11.699981689453125,0
2020-10-07,11.319976806640625,1
2020-10-08,0.620025634765625,1
2020-10-09,8.079986572265625,1
2020-10-12,8.29998779296875,1
2020-10-13,4.350006103515625,1
2020-10-14,14.649993896484375,1
2020-10-15,-12.41998291015625,0
2020-10-16,-9.209991455078125,0
2020-10-19,-8.84002685546875,0
2020-10-20,-8.889984130859375,0
2020-10-21,0.70001220703125,1
2020-10-22,3.149993896484375,1
2020-10-23,-5.160003662109375,0
2020-10-26,-0.350006103515625,0
2020-10-27,4.399993896484375,1
2020-10-28,-18.660003662109375,0
2020-10-29,4.80999755859375,1
2020-10-30,-22.78997802734375,0
2020-11-02,12.470001220703125,1
2020-11-03,23.389984130859375,1
2020-11-04,-2.91998291015625,0
2020-11-05,17.1099853515625,1
2020-11-06,-8.139984130859375,0
2020-11-09,-8.69000244140625,0
2020-11-10,-10.9000244140625,0
2020-11-11,6.77001953125,1
2020-11-12,-5.3699951171875,0
2020-11-13,-3.260009765625,0
2020-11-16,-0.410003662109375,0
2020-11-17,33.519989013671875,1
2020-11-18,45.030029296875,1
2020-11-19,12.629974365234375,1
2020-11-20,-9.660003662109375,0
2020-11-23,32.239990234375,1
2020-11-24,33.530029296875,1
2020-11-25,18.6199951171875,1
2020-11-27,11.760009765625,1
2020-11-30,-18.1600341796875,0
2020-12-01,17.1600341796875,1
2020-12-02,-15.94000244140625,0
2020-12-03,24.55999755859375,1
2020-12-04,5.65997314453125,1
2020-12-07,42.72003173828125,1
2020-12-08,8.1199951171875,1
2020-12-09,-45.4000244140625,0
2020-12-10,22.59002685546875,1
2020-12-11,-17.08001708984375,0
2020-12-14,29.84002685546875,1
2020-12-15,-6.58001708984375,0
2020-12-16,-10.47998046875,0
2020-12-17,33.1300048828125,1
2020-12-18,39.0999755859375,1
2020-12-21,-45.1400146484375,0
2020-12-22,-9.51995849609375,0
2020-12-23,5.63995361328125,1
2020-12-24,15.7900390625,1
2020-12-28,1.91998291015625,1
2020-12-29,2.29998779296875,1
2020-12-30,28.7900390625,1
2020-12-31,10.88995361328125,1
2021-01-04,24.10003662109375,1
2021-01-05,5.3399658203125,1
2021-01-06,20.8699951171875,1
2021-01-07,60.05999755859375,1
2021-01-08,63.98004150390625,1
2021-01-11,-68.83001708984375,0
2021-01-12,38.25,1
2021-01-13,4.969970703125,1
2021-01-14,-9.40997314453125,0
2021-01-15,-18.84002685546875,0
2021-01-19,18.3900146484375,1
2021-01-20,5.9000244140625,1
2021-01-21,-5.46002197265625,0
2021-01-22,1.6500244140625,1
2021-01-25,34.15997314453125,1
2021-01-26,2.2900390625,1
2021-01-27,-18.9300537109375,0
2021-01-28,-28.72998046875,0
2021-01-29,-41.89996337890625,0
2021-02-01,46.27996826171875,1
2021-02-02,32.97998046875,1
2021-02-03,-18.0999755859375,0
2021-02-04,-4.70001220703125,0
2021-02-05,2.239990234375,1
2021-02-08,11.19000244140625,1
2021-02-09,-13.9599609375,0
2021-02-10,-44.6400146484375,0
2021-02-11,6.8399658203125,1
2021-02-12,4.46002197265625,1
2021-02-16,-19.9000244140625,0
2021-02-17,1.9300537109375,1
2021-02-18,-10.77001953125,0
2021-02-19,-6.08001708984375,0
2021-02-22,-66.79998779296875,0
2021-02-23,-15.65997314453125,0
2021-02-24,43.17999267578125,1
2021-02-25,-59.800048828125,0
2021-02-26,-6.719970703125,0
2021-03-01,42.92999267578125,1
2021-03-02,-31.989990234375,0
2021-03-03,-33.239990234375,0
2021-03-04,-31.760009765625,0
2021-03-05,-23.489990234375,0
2021-03-08,-34.95001220703125,0
2021-03-09,110.58001708984375,1
2021-03-10,-5.52001953125,0
2021-03-11,31.53997802734375,1
2021-03-12,-5.8699951171875,0
2021-03-15,14.21002197265625,1
2021-03-16,-31.05999755859375,0
2021-03-17,24.92999267578125,1
2021-03-18,-48.6500244140625,0
2021-03-19,1.71002197265625,1
2021-03-22,15.1300048828125,1
2021-03-23,-7.84002685546875,0
2021-03-24,-31.88995361328125,0
2021-03-25,10.1199951171875,1
2021-03-26,-21.67999267578125,0
2021-03-29,-7.4200439453125,0
2021-03-30,24.33001708984375,1
2021-03-31,32.30999755859375,1
2021-04-01,-6.17999267578125,0
2021-04-05,29.29998779296875,1
2021-04-06,0.57000732421875,1
2021-04-07,-20.6500244140625,0
2021-04-08,12.83001708984375,1
2021-04-09,-6.77996826171875,0
2021-04-12,24.9599609375,1
